date,precipitacion_estacion_andajes_mm,precipitacion_estacion_pampalibre_mm,precipitacion_estacion_paccho_mm,precipitacion_estacion_pachangara_mm,precipitacion_estacion_pachamachay_mm,precipitacion_estacion_oyon_mm,precipitacion_estacion_surasaca_mm,precipitacion_estacion_tupe_mm,precipitacion_estacion_parquin_mm,precipitacion_estacion_picoy_mm,precipitacion_estacion_paton_mm,precipitacion_subcuenca_auquimarcabajo_mm,precipitacion_subcuenca_auquimarcaalto_mm,precipitacion_subcuenca_picunchealto_mm,precipitacion_subcuenca_picunchebajo_mm,precipitacion_subcuenca_pacchobajo_mm,precipitacion_subcuenca_pacchoalto_mm,precipitacion_subcuenca_yarucayabajo_mm,precipitacion_subcuenca_yarucayaalto_mm,precipitacion_subcuenca_checrasbajo_mm,precipitacion_subcuenca_checrasalto_mm,precipitacion_subcuenca_yuracyacu_mm,precipitacion_subcuenca_huancoybajo_mm,precipitacion_subcuenca_huancoyalto_mm,precipitacion_subcuenca_huauramedio_mm,precipitacion_subcuenca_huauraalto_mm,precipitacion_subcuenca_paton_mm,precipitacion_subcuenca_surasaca_mm,precipitacion_subcuenca_cochaquillo_mm,precipitacion_subcuenca_quichas_mm,precipitacion_estacion_andajes_extendida_mm,precipitacion_estacion_pampalibre_extendida_mm,precipitacion_estacion_paccho_extendida_mm,precipitacion_estacion_pachangara_extendida_mm,precipitacion_estacion_pachamachay_extendida_mm,precipitacion_estacion_oyon_extendida_mm,precipitacion_estacion_surasaca_extendida_mm,precipitacion_estacion_tupe_extendida_mm,precipitacion_estacion_parquin_extendida_mm,precipitacion_estacion_picoy_extendida_mm,precipitacion_estacion_paton_extendida_mm
1963-01-01,,,,,,,,,,,,,,,,,,,,,,,,,,,,,,,,,,,,,,,,,
1963-02-01,,,,,,,,,,,,,,,,,,,,,,,,,,,,,,,,,,,,,,,,,
1963-03-01,,,,,,,,,,,,,,,,,,,,,,,,,,,,,,,,,,,,,,,,,
1963-04-01,,,,,,,,,,,,,,,,,,,,,,,,,,,,,,,,,,,,,,,,,
1963-05-01,,,,,,,,,,,,,,,,,,,,,,,,,,,,,,,,,,,,,,,,,
1963-06-01,,,,,,,,,,,,,,,,,,,,,,,,,,,,,,,,,,,,,,,,,
1963-07-01,,,,,,,,,,,,,,,,,,,,,,,,,,,,,,,,,,,,,,,,,
1963-08-01,,,,,,,,,,,,,,,,,,,,,,,,,,,,,,,,,,,,,,,,,
1963-09-01,4.4,,,34.6,,10.4,,,,,,,,,,,,,,,,,,,,,,,,,,,,,,,,,,,
1963-10-01,9.5,,,30.6,,8.4,,,,,,,,,,,,,,,,,,,,,,,,,,,,,,,,,,,
1963-11-01,54.0,,,89.0,,67.1,,,,,,,,,,,,,,,,,,,,,,,,,,,,,,,,,,,
1963-12-01,24.3,,,,,63.0,,,,,,,,,,,,,,,,,,,,,,,,,,,,,,,,,,,
1964-01-01,37.8,,,486.0,,33.0,,,,,,,,,,,,,,,,,,,,,,,,,,,121.8,,,,,,,,
1964-02-01,85.5,,,925.9,,75.5,,,,,,,,,,,,,,,,,,,,,,,,,,,151.9,,,,,,,,
1964-03-01,122.4,,,142.5,,116.5,,,,,,,,,,,,,,,,,,,,,,,,,,,164.2,,,,,,,,
1964-04-01,43.3,,,73.1,,38.2,,,,,,,,,,,,,,,,,,,,,,,,,,,60.5,,,,,,,,
1964-05-01,11.8,,,27.0,,23.9,,,,,,,,,,,,,,,,,,,,,,,,,,,6.9,,,,,,,,
1964-06-01,0.0,,,0.0,,0.0,,,,,,,,,,,,,,,,,,,,,,,,,,,0.7,,,,,,,,
1964-07-01,0.0,,,0.0,,0.0,,,,,,,,,,,,,,,,,,,,,,,,,,,0.3,,,,,,,,
1964-08-01,0.0,,,1.3,,3.5,,,,,,,,,,,,,,,,,,,,,,,,,,,1.0,,,,,,,,
1964-09-01,0.5,,,10.0,,8.0,,,,,,,,,,,,,,,,,,,,,,,,,,,4.4,,,,,,,,
1964-10-01,20.3,,,50.1,,51.4,,,,,,,,,,,,,,,,,,,,,,,,,,,15.1,,,,,,,,
1964-11-01,25.6,,,36.0,,44.6,,,,,,,,,,,,,,,,,,,,,,,,,,,24.6,,,,,,,,
1964-12-01,34.0,,,33.0,,25.9,,,,,,,,,,,,,,,,,,,,,,,,,,,56.7,,,,,,,,
1965-01-01,65.8,,,75.4,,39.3,,,,,,,,,,,,,,,,,,,,,,,,,,,121.8,,,,,,,,
1965-02-01,58.1,,,216.0,,92.0,,,,,,,,,,,,,,,,,,,,,,,,,,,151.9,,,,,,,,
1965-03-01,90.7,,,221.0,,104.0,,,13.2,,,,,,,,,,,,,,,,,,,,,,,,2.5,,,,,,,,
1965-04-01,21.5,,,113.6,,46.1,,,39.2,,,,,,,,,,,,,,,,,,,,,,,,114.6,,,,,,,,
1965-05-01,0.1,,,11.0,,1.0,,,241.0,,,,,,,,,,,,,,,,,,,,,,,,4.5,,,,,,,,
1965-06-01,0.0,,,0.0,,0.0,,,34.0,,,,,,,,,,,,,,,,,,,,,,,,0.0,,,,,,,,
1965-07-01,0.9,,,0.0,,2.0,,,0.0,,,,,,,,,,,,,,,,,,,,,,,,0.0,,,,,,,,
1965-08-01,0.8,,,13.0,,0.0,,,0.0,,,,,,,,,,,,,,,,,,,,,,,,0.0,,,,,,,,
1965-09-01,8.6,,,177.4,,16.7,,,21.0,,,,,,,,,,,,,,,,,,,,,,,,9.2,,,,,,,,
1965-10-01,12.9,,,220.0,,31.4,,,32.7,,,,,,,,,,,,,,,,,,,,,,,,8.8,,,,,,,,
1965-11-01,14.5,,,46.5,,29.5,,,7.4,,,,,,,,,,,,,,,,,,,,,,,,5.7,,,,,,,,
1965-12-01,65.5,,,153.5,,80.7,,,46.0,,,,,,,,,,,,,,,,,,,,,,,,34.8,,,,,,,,
1966-01-01,64.7,,,181.9,,77.7,,,115.1,,,,,,,,,,,,,,,,,,,,,,,,108.3,,,,,,,,
1966-02-01,36.2,,,140.1,,42.0,,,99.5,,,,,,,,,,,,,,,,,,,,,,,,84.7,,,,,,,,
1966-03-01,84.3,,,69.2,,58.2,,,151.9,,,,,,,,,,,,,,,,,,,,,,,,91.4,,,,,,,,
1966-04-01,19.0,,,62.2,,42.9,,,89.5,,,,,,,,,,,,,,,,,,,,,,,,47.2,,,,,,,,
1966-05-01,2.3,,,8.7,,1.8,,,0.0,,,,,,,,,,,,,,,,,,,,,,,,0.0,,,,,,,,
1966-06-01,0.0,,,0.0,,0.0,,,0.0,,,,,,,,,,,,,,,,,,,,,,,,0.0,,,,,,,,
1966-07-01,0.0,,,0.0,,0.0,,,0.0,,,,,,,,,,,,,,,,,,,,,,,,0.0,,,,,,,,
1966-08-01,0.0,,,0.0,,0.0,,,0.0,,,,,,,,,,,,,,,,,,,,,,,,0.0,,,,,,,,
1966-09-01,3.1,,,67.4,,18.0,,,0.0,,,,,,,,,,,,,,,,,,,,,,,,3.1,,,,,,,,
1966-10-01,96.9,,,202.0,,78.9,,,137.6,,,,,,,,,,,,,,,,,,,,,,,,92.3,,,,,,,,
1966-11-01,19.3,,,74.6,,42.1,,,0.0,,,,,,,,,,,,,,,,,,,,,,,,29.2,,,,,,,,
1966-12-01,45.9,,,261.0,,60.0,,,112.0,,,,,,,,,,,,,,,,,,,,,,,,35.6,,,,,,,,
1967-01-01,127.9,,226.4,348.2,,91.2,,,140.6,,,163.0,283.0,255.8,149.4,172.1,269.4,89.1,202.1,98.4,144.8,150.4,85.2,208.5,157.3,141.4,160.6,293.4,156.1,290.6,127.9,24.2,226.4,348.2,92.2,91.2,284.9,75.2,140.6,116.9,146.0
1967-02-01,190.5,,298.0,290.0,,156.4,,,315.7,,,214.6,372.5,336.7,196.7,226.5,354.6,180.7,301.0,221.0,325.2,337.8,172.8,310.5,234.3,242.4,190.1,168.7,350.4,167.1,190.5,49.1,298.0,290.0,297.0,156.4,163.8,232.9,315.7,227.7,172.8
1967-03-01,236.0,,171.1,177.4,,,,,315.8,,,123.2,213.9,193.3,112.9,130.0,203.6,354.4,372.9,221.1,325.3,337.9,339.0,384.7,290.3,109.4,189.9,208.3,350.5,206.2,236.0,96.3,171.1,177.4,73.4,169.7,202.2,89.1,315.8,81.1,172.6
1967-04-01,16.0,,27.7,48.5,,,,,158.6,,,19.9,34.6,31.3,18.3,21.1,33.0,91.3,25.3,111.0,163.4,169.7,87.3,26.1,19.7,70.4,97.9,48.9,176.0,48.5,16.0,24.8,27.7,48.5,48.1,89.9,47.5,143.0,158.6,108.6,89.0
1967-05-01,3.0,,0.0,30.1,,,,,0.0,,,0.0,0.0,0.0,0.0,0.0,0.0,0.4,4.7,0.0,0.0,0.0,0.4,4.9,3.7,16.1,20.8,8.7,0.0,8.6,3.0,0.1,0.0,30.1,0.0,2.8,8.4,13.1,0.0,0.0,18.9
1967-06-01,4.1,,0.0,4.0,,,,,0.0,,,0.0,0.0,0.0,0.0,0.0,0.0,0.0,6.5,0.0,0.0,0.0,0.0,6.7,5.0,2.0,11.4,16.2,0.0,16.0,4.1,0.0,0.0,4.0,0.1,0.1,15.7,0.0,0.0,0.0,10.4
1967-07-01,1.5,,0.0,21.6,,,,,,,,0.0,0.0,0.0,0.0,0.0,0.0,0.0,2.4,0.7,1.0,1.1,0.0,2.4,1.8,87.4,8.3,7.1,1.1,7.0,1.5,0.0,0.0,21.6,0.0,47.6,6.9,2.0,1.0,0.0,7.5
1967-08-01,2.8,,0.0,9.4,,,,,,,,0.0,0.0,0.0,0.0,0.0,0.0,0.0,4.4,0.2,0.3,0.3,0.0,4.6,3.4,83.4,4.6,24.1,0.3,23.9,2.8,0.0,0.0,9.4,0.1,83.3,23.4,0.0,0.3,0.2,4.2
1967-09-01,2.6,,5.1,16.2,,,60.1,,,8.4,,3.7,6.4,5.8,3.4,3.9,6.1,0.0,4.1,0.0,0.0,0.0,0.0,4.2,3.2,20.8,23.8,61.9,0.0,61.3,2.6,0.0,5.1,16.2,0.1,20.0,60.1,0.6,0.0,8.4,21.6
1967-10-01,37.7,,13.9,90.9,,,,,,64.3,,10.0,17.4,15.7,9.2,10.6,16.5,0.4,59.6,52.1,76.6,79.6,0.4,61.5,46.4,23.1,126.2,134.5,82.6,133.2,37.7,0.1,13.9,90.9,64.1,34.8,130.6,34.5,74.4,64.3,114.7
1967-11-01,11.2,,0.0,32.5,,,,,,20.7,,0.0,0.0,0.0,0.0,0.0,0.0,0.4,17.7,23.3,34.3,35.6,0.4,18.3,13.8,97.2,90.0,135.3,37.0,134.0,11.2,0.1,0.0,32.5,50.8,37.9,131.4,73.7,33.3,20.7,81.8
1967-12-01,33.0,,,20.7,,,88.5,,,,,2.7,4.8,4.3,2.5,2.9,4.5,18.4,52.1,74.2,109.2,113.4,17.6,53.8,40.6,71.9,79.9,91.2,117.7,90.3,33.0,5.0,56.7,20.7,84.8,28.2,88.5,111.2,106.0,80.5,72.6
1968-01-01,79.1,,46.0,110.5,,72.9,,,65.2,,,33.1,57.5,52.0,30.4,35.0,54.7,60.7,125.0,45.6,67.2,69.8,58.1,128.9,97.3,113.0,134.8,149.1,72.4,147.7,79.1,16.5,46.0,110.5,120.7,72.9,144.8,68.7,65.2,19.0,122.5
1968-02-01,56.3,,40.2,82.9,,55.7,,,,,,28.9,50.3,45.4,26.5,30.6,47.8,23.6,89.0,22.8,33.6,34.9,22.5,91.8,69.2,86.3,71.4,131.0,36.2,129.7,56.3,6.4,40.2,82.9,63.9,55.7,127.2,54.2,32.6,68.7,64.9
1968-03-01,82.5,,151.7,127.5,,81.5,,,,,,109.2,189.6,171.4,100.1,115.3,180.5,167.4,130.4,36.6,53.9,56.0,160.2,134.5,101.5,126.3,105.8,128.6,58.1,127.4,82.5,45.5,151.7,127.5,100.2,81.5,124.9,305.6,52.3,168.1,96.2
1968-04-01,5.6,,0.0,13.0,,5.9,25.9,,,,,0.0,0.0,0.0,0.0,0.0,0.0,15.8,8.8,60.4,88.9,92.3,15.1,9.1,6.9,9.1,53.1,26.7,95.8,26.4,5.6,4.3,0.0,13.0,0.1,5.9,25.9,0.7,86.3,34.6,48.3
1968-05-01,9.3,,0.0,11.5,,5.6,39.5,,,,,0.0,0.0,0.0,0.0,0.0,0.0,0.0,14.7,1.7,2.5,2.6,0.0,15.2,11.4,8.7,8.7,40.7,2.7,40.3,9.3,0.0,0.0,11.5,0.0,5.6,39.5,0.1,2.4,10.1,7.9
1968-06-01,0.0,,0.0,4.3,,1.6,27.2,,,0.0,,0.0,0.0,0.0,0.0,0.0,0.0,0.0,0.0,0.0,0.0,0.0,0.0,0.0,0.0,2.5,4.7,28.0,0.0,27.7,0.0,0.0,0.0,4.3,0.0,1.6,27.2,0.0,0.0,0.0,4.3
1968-07-01,0.3,,0.0,4.0,,3.2,12.4,,,,,0.0,0.0,0.0,0.0,0.0,0.0,0.0,0.5,5.5,8.1,8.5,0.0,0.5,0.4,5.0,11.8,12.8,8.8,12.6,0.3,0.0,0.0,4.0,0.0,3.2,12.4,0.8,7.9,0.4,10.7
1968-08-01,7.5,,1.0,7.5,,26.2,54.2,,,,,0.7,1.3,1.1,0.7,0.8,1.2,0.0,11.9,14.2,20.9,21.7,0.0,12.2,9.2,40.6,6.4,55.8,22.5,55.3,7.5,0.0,1.0,7.5,0.0,26.2,54.2,0.3,20.3,0.0,5.8
1968-09-01,1.7,,5.9,4.5,,18.6,82.0,,,,,4.2,7.4,6.7,3.9,4.5,7.0,3.7,2.7,16.1,23.7,24.6,3.5,2.8,2.1,28.8,42.0,84.5,25.5,83.6,1.7,1.0,5.9,4.5,2.5,18.6,82.0,133.4,23.0,8.8,38.2
1968-10-01,20.7,,7.1,25.5,,50.8,109.1,,13.1,,,5.1,8.9,8.0,4.7,5.4,8.4,0.4,32.7,9.2,13.5,14.0,0.4,33.7,25.5,78.7,100.1,112.4,14.5,111.3,20.7,0.1,7.1,25.5,22.3,50.8,109.1,12.7,13.1,3.3,91.0
1968-11-01,13.4,,33.8,65.0,,33.0,82.4,,49.4,,,24.3,42.3,38.2,22.3,25.7,40.2,4.4,21.2,34.6,50.9,52.9,4.2,21.8,16.5,51.2,60.4,84.9,54.8,84.0,13.4,1.2,33.8,65.0,50.3,33.0,82.4,64.6,49.4,23.7,54.9
1968-12-01,,,0.0,64.5,,61.7,82.7,,50.5,,,0.0,0.0,0.0,0.0,0.0,0.0,213.1,25.8,35.4,52.0,54.0,203.8,26.6,20.0,95.6,63.1,85.2,56.1,84.4,16.3,57.9,0.0,64.5,216.9,61.7,82.7,63.1,50.5,90.6,57.4
1969-01-01,,,8.2,10.3,,39.6,67.3,,38.7,,,5.9,10.3,9.3,5.4,6.2,9.8,122.2,59.4,27.1,39.9,41.4,116.9,61.3,46.2,61.4,142.6,69.3,43.0,68.6,37.6,33.2,8.2,10.3,104.4,39.6,67.3,210.9,38.7,122.6,129.6
1969-02-01,,,123.3,117.8,,103.6,140.5,,111.0,,,88.8,154.1,139.3,81.4,93.7,146.7,65.1,136.7,77.7,114.3,118.8,62.3,141.0,106.4,160.6,139.7,144.7,123.2,143.3,86.5,17.7,123.3,117.8,194.6,103.6,140.5,165.7,111.0,117.8,127.0
1969-03-01,,,116.5,155.9,,89.6,98.6,,124.0,,,83.9,145.6,131.6,76.9,88.5,138.6,19.5,155.6,86.8,127.7,132.7,18.7,160.6,121.2,138.9,96.6,101.6,137.6,100.6,98.5,5.3,116.5,155.9,295.5,89.6,98.6,164.5,124.0,81.9,87.8
1969-04-01,,0.4,26.5,56.2,,59.2,81.5,,63.5,,,19.1,33.1,29.9,17.5,20.1,31.5,1.5,5.2,44.5,65.4,67.9,1.4,5.4,4.1,91.8,68.0,83.9,70.5,83.1,3.3,0.4,26.5,56.2,143.3,59.2,81.5,134.4,63.5,41.1,61.8
1969-05-01,,0.0,0.0,2.5,,3.8,7.9,,,,,0.0,0.0,0.0,0.0,0.0,0.0,0.0,0.2,52.2,76.7,79.7,0.0,0.2,0.1,5.9,12.0,8.1,82.7,8.1,0.1,0.0,0.0,2.5,0.0,3.8,7.9,0.2,74.5,4.1,10.9
1969-06-01,0.7,0.0,4.4,5.6,,2.5,17.8,,,0.0,,3.2,5.5,5.0,2.9,3.3,5.2,0.0,1.1,0.5,0.7,0.7,0.0,1.1,0.9,3.9,24.2,18.3,0.8,18.2,0.7,0.0,4.4,5.6,0.0,2.5,17.8,0.0,0.7,0.0,22.0
1969-07-01,1.0,0.0,0.0,3.0,,2.4,7.4,,,,,0.0,0.0,0.0,0.0,0.0,0.0,0.0,1.6,0.2,0.3,0.3,0.0,1.6,1.2,3.7,4.1,7.6,0.3,7.5,1.0,0.0,0.0,3.0,0.0,2.4,7.4,0.1,0.3,0.0,3.7
1969-08-01,1.5,0.0,0.0,9.5,,13.2,34.1,0.0,3.1,,20.5,0.0,0.0,0.0,0.0,0.0,0.0,0.0,2.4,2.2,3.2,3.3,0.0,2.4,1.8,20.5,22.6,35.1,3.4,34.8,1.5,0.0,0.0,9.5,75.6,13.2,34.1,0.0,3.1,0.1,20.5
1969-09-01,5.6,0.0,3.2,4.3,,10.3,38.0,13.0,12.1,,22.5,2.3,4.0,3.6,2.1,2.4,3.8,0.0,8.8,8.5,12.5,12.9,0.0,9.1,6.9,16.0,24.8,39.1,13.4,38.8,5.6,0.0,3.2,4.3,0.2,10.3,38.0,13.0,12.1,6.8,22.5
1969-10-01,30.6,6.5,41.7,42.3,,39.1,69.3,40.6,71.8,,83.9,30.0,52.1,47.1,27.5,31.7,49.6,23.9,48.3,50.3,74.0,76.8,22.9,49.9,37.6,60.6,92.3,71.4,79.7,70.7,30.6,6.5,41.7,42.3,15.5,39.1,69.3,40.6,71.8,22.7,83.9
1969-11-01,36.3,,151.4,100.5,,65.7,121.0,92.4,83.1,,91.2,109.0,189.3,171.1,99.9,115.1,180.2,54.1,57.4,58.2,85.6,88.9,51.7,59.2,44.6,101.8,100.3,124.6,92.2,123.4,36.3,14.7,151.4,100.5,47.7,65.7,121.0,92.4,83.1,20.2,91.2
1969-12-01,116.3,,162.6,269.6,,142.9,132.3,,164.4,,199.0,117.1,203.3,183.7,107.3,123.6,193.5,203.1,183.8,115.1,169.3,175.9,194.3,189.6,143.0,221.5,218.9,136.3,182.5,134.9,116.3,55.2,162.6,269.6,165.6,142.9,132.3,150.1,164.4,82.9,199.0
1970-01-01,147.7,,205.8,189.1,,116.8,140.9,0.0,165.4,,156.2,148.2,257.3,232.6,135.8,156.4,244.9,226.7,233.4,115.8,170.4,177.0,216.8,240.8,181.7,181.0,171.8,145.1,183.6,143.7,147.7,61.6,205.8,189.1,31.5,116.8,140.9,0.0,165.4,38.5,156.2
1970-02-01,43.2,,39.5,23.5,,52.1,89.7,0.0,79.6,,71.1,28.4,49.4,44.6,26.1,30.0,47.0,138.4,68.3,55.7,82.0,85.2,132.4,70.4,53.1,80.8,78.2,92.4,88.4,91.5,43.2,37.6,39.5,23.5,53.6,52.1,89.7,0.0,79.6,74.4,71.1
1970-03-01,88.7,,51.8,152.3,,102.0,114.1,320.0,83.4,,84.6,37.3,64.8,58.5,34.2,39.4,61.6,139.1,140.1,58.4,85.9,89.2,133.1,144.6,109.1,158.1,93.1,117.5,92.6,116.4,88.7,37.8,51.8,152.3,290.8,102.0,114.1,320.0,83.4,163.6,84.6
1970-04-01,53.8,,6.7,118.0,,72.5,111.3,140.6,96.1,,48.6,4.8,8.4,7.6,4.4,5.1,8.0,0.0,85.0,67.3,99.0,102.8,0.0,87.7,66.2,112.4,53.5,114.6,106.7,113.5,53.8,0.0,6.7,118.0,120.6,72.5,111.3,140.6,96.1,34.0,48.6
1970-05-01,16.9,0.6,10.1,61.6,,23.0,53.1,21.8,23.6,,21.4,7.3,12.6,11.4,6.7,7.7,12.0,2.2,26.7,16.5,24.3,25.3,2.1,27.5,20.8,35.7,23.5,54.7,26.2,54.2,16.9,0.6,10.1,61.6,0.0,23.0,53.1,21.8,23.6,0.3,21.4
1970-06-01,0.3,,0.0,0.5,,2.1,16.5,0.0,2.7,0.0,9.1,0.0,0.0,0.0,0.0,0.0,0.0,0.0,0.5,1.9,2.8,2.9,0.0,0.5,0.4,3.3,10.0,17.0,3.0,16.8,0.3,0.0,0.0,0.5,0.0,2.1,16.5,0.0,2.7,0.0,9.1
1970-07-01,0.5,,0.0,1.5,,4.8,5.5,0.0,1.8,,14.2,0.0,0.0,0.0,0.0,0.0,0.0,0.0,0.8,1.3,1.9,1.9,0.0,0.8,0.6,7.4,15.6,5.7,2.0,5.6,0.5,0.0,0.0,1.5,0.0,4.8,5.5,0.0,1.8,8.4,14.2
1970-08-01,0.2,0.0,3.6,0.5,,7.3,2.7,0.0,5.5,,4.5,2.6,4.5,4.1,2.4,2.7,4.3,0.0,0.3,3.9,5.7,5.9,0.0,0.3,0.2,11.3,5.0,2.8,6.1,2.8,0.2,0.0,3.6,0.5,0.1,7.3,2.7,0.0,5.5,0.8,4.5
1970-09-01,32.1,1.7,47.4,42.3,,53.0,95.2,30.6,64.6,,,34.1,59.3,53.6,31.3,36.0,56.4,6.3,50.7,45.2,66.5,69.1,6.0,52.3,39.5,82.2,13.9,98.1,71.7,97.1,32.1,1.7,47.4,42.3,0.1,53.0,95.2,30.6,64.6,0.6,12.6
1970-10-01,32.3,,59.6,26.0,,59.4,98.7,87.5,43.7,,,42.9,74.5,67.3,39.3,45.3,70.9,16.9,51.0,30.6,45.0,46.8,16.2,52.6,39.7,92.1,60.0,101.7,48.5,100.7,32.3,4.6,59.6,26.0,18.0,59.4,98.7,87.5,43.7,8.8,54.5
1970-11-01,35.9,5.2,29.4,87.5,,42.8,79.4,88.9,43.8,44.0,59.1,21.2,36.8,33.2,19.4,22.3,35.0,19.1,56.7,30.7,45.1,46.9,18.3,58.5,44.2,66.3,65.0,81.8,48.6,81.0,35.9,5.2,29.4,87.5,31.6,42.8,79.4,88.9,43.8,44.0,59.1
1970-12-01,68.0,13.3,41.5,94.8,,97.9,126.1,152.3,95.6,64.0,129.8,29.9,51.9,46.9,27.4,31.5,49.4,48.9,107.4,66.9,98.5,102.3,46.8,110.8,83.6,151.7,142.8,129.9,106.1,128.6,68.0,13.3,41.5,94.8,56.8,97.9,126.1,152.3,95.6,64.0,129.8
1971-01-01,59.5,33.0,54.3,94.0,,82.1,119.4,119.6,73.7,,157.9,39.1,67.9,61.4,35.8,41.3,64.6,121.4,94.0,51.6,75.9,78.9,116.2,97.0,73.2,127.3,173.7,123.0,81.8,121.8,59.5,33.0,54.3,94.0,83.2,82.1,119.4,119.6,73.7,63.5,157.9
1971-02-01,122.6,,150.4,130.4,,121.1,133.9,125.2,128.5,100.7,124.3,108.3,188.0,170.0,99.3,114.3,179.0,147.9,193.7,90.0,132.4,137.5,141.5,199.8,150.8,187.7,136.7,137.9,142.6,136.6,122.6,40.2,150.4,130.4,250.1,121.1,133.9,125.2,128.5,100.7,124.3
1971-03-01,169.0,,323.4,235.2,,154.1,191.5,170.3,195.9,141.1,,232.8,404.3,365.4,213.4,245.8,384.8,255.8,267.0,137.1,201.8,209.6,244.6,275.5,207.9,238.9,186.7,197.2,217.4,195.3,169.0,69.5,323.4,235.2,226.3,154.1,191.5,170.3,195.9,141.1,169.7
1971-04-01,26.6,,109.4,61.8,,38.9,50.4,68.3,51.5,34.9,62.3,78.8,136.8,123.6,72.2,83.1,130.2,35.3,42.0,36.1,53.0,55.1,33.8,43.4,32.7,60.3,68.5,51.9,57.2,51.4,26.6,9.6,109.4,61.8,162.0,38.9,50.4,68.3,51.5,34.9,62.3
1971-05-01,0.0,,5.5,0.0,,4.4,28.2,4.0,5.3,5.3,12.3,4.0,6.9,6.2,3.6,4.2,6.5,6.3,0.0,3.7,5.5,5.7,6.0,0.0,0.0,6.8,13.5,29.0,5.9,28.8,0.0,1.7,5.5,0.0,0.0,4.4,28.2,4.0,5.3,5.3,12.3
1971-06-01,,,1.9,0.0,,1.4,18.3,0.0,0.0,0.0,4.0,1.4,2.4,2.1,1.3,1.4,2.3,0.0,0.9,0.0,0.0,0.0,0.0,1.0,0.7,2.2,4.4,18.8,0.0,18.7,0.6,0.0,1.9,0.0,0.0,1.4,18.3,0.0,0.0,0.0,4.0
1971-07-01,,,1.5,0.0,,0.3,3.4,11.4,0.0,0.0,3.5,1.1,1.9,1.7,1.0,1.1,1.8,0.0,0.0,0.0,0.0,0.0,0.0,0.0,0.0,0.5,3.9,3.5,0.0,3.5,0.0,0.0,1.5,0.0,0.0,0.3,3.4,11.4,0.0,0.0,3.5
1971-08-01,,,8.1,1.5,,15.9,42.5,7.8,5.4,7.0,26.1,5.8,10.1,9.2,5.3,6.2,9.6,0.0,0.0,3.8,5.6,5.8,0.0,0.0,0.0,24.6,28.7,43.8,6.0,43.4,0.0,0.0,8.1,1.5,43.2,15.9,42.5,7.8,5.4,7.0,26.1
1971-09-01,0.2,0.0,1.2,0.5,,5.0,14.0,6.8,10.9,5.0,15.7,0.9,1.5,1.4,0.8,0.9,1.4,0.0,0.3,7.6,11.2,11.7,0.0,0.3,0.2,7.8,17.3,14.4,12.1,14.3,0.2,0.0,1.2,0.5,0.0,5.0,14.0,6.8,10.9,5.0,15.7
1971-10-01,18.2,0.0,0.4,10.0,,44.9,80.5,9.6,16.3,12.8,82.3,0.3,0.5,0.5,0.3,0.3,0.5,0.0,28.8,11.4,16.8,17.4,0.0,29.7,22.4,69.6,90.5,82.9,18.1,82.1,18.2,0.0,0.4,10.0,0.0,44.9,80.5,9.6,16.3,12.8,82.3
1971-11-01,7.9,0.0,5.4,20.0,,46.3,51.4,17.9,25.6,25.6,66.1,3.9,6.8,6.1,3.6,4.1,6.4,0.0,12.5,17.9,26.4,27.4,0.0,12.9,9.7,71.8,72.7,52.9,28.4,52.4,7.9,0.0,5.4,20.0,96.1,46.3,51.4,17.9,25.6,25.6,66.1
1971-12-01,65.8,20.9,22.7,117.7,,110.0,134.5,99.2,73.0,93.5,110.7,16.3,28.4,25.7,15.0,17.3,27.0,76.9,104.0,51.1,75.2,78.1,73.6,107.3,80.9,170.5,121.8,138.5,81.0,137.2,65.8,20.9,22.7,117.7,111.3,110.0,134.5,99.2,73.0,93.5,110.7
1972-01-01,109.1,31.0,29.7,222.7,,88.2,137.0,153.3,131.0,105.5,112.1,21.4,37.1,33.6,19.6,22.6,35.3,114.1,172.4,91.7,134.9,140.2,109.1,177.8,134.2,136.7,123.3,141.1,145.4,139.7,109.1,31.0,29.7,222.7,204.1,88.2,137.0,153.3,131.0,105.5,112.1
1972-02-01,86.0,25.8,259.7,121.6,,72.7,109.7,138.4,105.8,109.1,94.2,187.0,324.6,293.5,171.4,197.4,309.0,94.9,135.9,74.1,109.0,113.2,90.8,140.2,105.8,112.7,103.6,113.0,117.4,111.9,86.0,25.8,259.7,121.6,242.6,72.7,109.7,138.4,105.8,109.1,94.2
1972-03-01,250.9,,620.0,274.3,,203.9,241.4,263.3,283.1,247.8,229.4,446.4,775.0,700.6,409.2,471.2,737.8,438.3,396.4,198.2,291.6,302.9,419.2,409.0,308.6,316.0,252.3,248.6,314.2,246.2,250.9,119.1,620.0,274.3,95.0,203.9,241.4,263.3,283.1,247.8,229.4
1972-04-01,51.1,,231.8,123.3,,92.0,117.0,60.3,81.3,64.0,105.3,166.9,289.8,261.9,153.0,176.2,275.8,46.7,80.7,56.9,83.7,87.0,44.7,83.3,62.9,142.6,115.8,120.5,90.2,119.3,51.1,12.7,231.8,123.3,55.9,92.0,117.0,60.3,81.3,64.0,105.3
1972-05-01,0.0,,4.1,2.5,,0.1,22.2,0.0,0.0,0.0,6.0,3.0,5.1,4.6,2.7,3.1,4.9,1.1,0.0,0.0,0.0,0.0,1.1,0.0,0.0,0.2,6.6,22.9,0.0,22.6,0.0,0.3,4.1,2.5,0.0,0.1,22.2,0.0,0.0,0.0,6.0
1972-06-01,0.0,,0.1,0.0,,0.0,4.9,0.0,0.0,0.0,0.6,0.1,0.1,0.1,0.1,0.1,0.1,0.0,0.0,0.0,0.0,0.0,0.0,0.0,0.0,0.0,0.7,5.0,0.0,5.0,0.0,0.0,0.1,0.0,0.1,0.0,4.9,0.0,0.0,0.0,0.6
1972-07-01,,,0.1,0.0,,0.0,7.5,7.9,16.1,,7.5,0.1,0.1,0.1,0.1,0.1,0.1,0.0,0.0,11.3,16.6,17.2,0.0,0.0,0.0,0.0,8.3,7.7,17.9,7.7,0.0,0.0,0.1,0.0,0.0,0.0,7.5,7.9,16.1,0.0,7.5
1972-08-01,,,0.3,1.2,,11.7,22.6,0.0,1.9,0.0,21.3,0.2,0.4,0.3,0.2,0.2,0.4,0.0,0.3,1.3,2.0,2.0,0.0,0.3,0.2,18.1,23.4,23.3,2.1,23.1,0.2,0.0,0.3,1.2,108.7,11.7,22.6,0.0,1.9,0.0,21.3
1972-09-01,,0.0,0.0,10.5,,31.5,41.0,0.0,11.7,11.1,50.0,0.0,0.0,0.0,0.0,0.0,0.0,0.0,8.2,8.2,12.1,12.5,0.0,8.5,6.4,48.8,55.0,42.2,13.0,41.8,5.2,0.0,0.0,10.5,1.6,31.5,41.0,0.0,11.7,11.1,50.0
1972-10-01,16.6,0.0,0.0,33.7,,38.2,85.7,38.3,27.5,34.7,61.4,0.0,0.0,0.0,0.0,0.0,0.0,0.0,26.2,19.3,28.3,29.4,0.0,27.1,20.4,59.2,67.5,88.3,30.5,87.4,16.6,0.0,0.0,33.7,9.2,38.2,85.7,38.3,27.5,34.7,61.4
1972-11-01,,2.5,0.0,44.0,,32.5,46.9,49.5,35.7,35.8,51.8,0.0,0.0,0.0,0.0,0.0,0.0,9.2,55.9,25.0,36.8,38.2,8.8,57.7,43.5,50.4,57.0,48.3,39.6,47.8,35.4,2.5,0.0,44.0,31.9,32.5,46.9,49.5,35.7,35.8,51.8
1972-12-01,61.7,86.4,104.7,92.3,,55.5,125.4,80.2,97.1,65.4,72.1,75.4,130.9,118.3,69.1,79.6,124.6,318.0,97.5,68.0,100.0,103.9,304.1,100.6,75.9,86.0,79.3,129.2,107.8,127.9,61.7,86.4,104.7,92.3,113.5,55.5,125.4,80.2,97.1,65.4,72.1
1973-01-01,141.4,173.0,409.4,151.2,,116.0,134.2,122.3,159.4,,130.3,294.8,511.8,462.6,270.2,311.1,487.2,636.6,223.4,111.6,164.2,170.6,609.0,230.5,173.9,179.8,143.3,138.2,176.9,136.9,141.4,173.0,409.4,151.2,179.8,116.0,134.2,122.3,159.4,25.5,130.3
1973-02-01,105.4,81.6,345.9,99.2,,101.8,148.9,97.2,114.5,,119.7,249.0,432.4,390.9,228.3,262.9,411.6,300.3,166.5,80.2,117.9,122.5,287.2,171.8,129.6,157.8,131.7,153.4,127.1,151.9,105.4,81.6,345.9,99.2,188.6,101.8,148.9,97.2,114.5,89.1,119.7
1973-03-01,144.1,128.3,178.3,184.6,,116.4,148.3,109.7,157.9,,148.7,128.4,222.9,201.5,117.7,135.5,212.2,472.1,227.7,110.5,162.6,169.0,451.6,234.9,177.2,180.4,163.6,152.7,175.3,151.3,144.1,128.3,178.3,184.6,114.4,116.4,148.3,109.7,157.9,106.8,148.7
1973-04-01,77.6,,82.1,107.6,,94.8,142.9,117.4,122.6,,98.9,59.1,102.6,92.8,54.2,62.4,97.7,2.9,122.6,85.8,126.3,131.2,2.8,126.5,95.4,146.9,108.8,147.2,136.1,145.8,77.6,0.8,82.1,107.6,11.1,94.8,142.9,117.4,122.6,46.5,98.9
1973-05-01,23.0,0.0,0.0,48.0,,44.6,54.5,0.0,37.4,,39.8,0.0,0.0,0.0,0.0,0.0,0.0,0.0,36.3,26.2,38.5,40.0,0.0,37.5,28.3,69.1,43.8,56.1,41.5,55.6,23.0,0.0,0.0,48.0,0.0,44.6,54.5,0.0,37.4,2.0,39.8
1973-06-01,0.0,0.0,0.0,1.0,,1.3,18.9,0.0,0.0,,8.9,0.0,0.0,0.0,0.0,0.0,0.0,0.0,0.0,0.0,0.0,0.0,0.0,0.0,0.0,2.0,9.8,19.5,0.0,19.3,0.0,0.0,0.0,1.0,0.0,1.3,18.9,0.0,0.0,0.0,8.9
1973-07-01,6.7,0.0,0.4,5.0,,6.8,18.2,4.2,11.6,,5.5,0.3,0.5,0.5,0.3,0.3,0.5,0.0,10.6,8.1,11.9,12.4,0.0,10.9,8.2,10.5,6.1,18.7,12.9,18.6,6.7,0.0,0.4,5.0,0.0,6.8,18.2,4.2,11.6,0.1,5.5
1973-08-01,3.7,0.0,5.2,2.5,,9.0,32.1,9.2,0.0,,17.0,3.7,6.5,5.9,3.4,4.0,6.2,0.0,5.8,0.0,0.0,0.0,0.0,6.0,4.6,14.0,18.7,33.1,0.0,32.7,3.7,0.0,5.2,2.5,22.2,9.0,32.1,9.2,0.0,0.6,17.0
1973-09-01,21.8,0.0,2.4,8.5,,47.4,53.1,30.2,21.4,,68.8,1.7,3.0,2.7,1.6,1.8,2.9,0.0,34.4,15.0,22.0,22.9,0.0,35.5,26.8,73.5,75.7,54.7,23.8,54.2,21.8,0.0,2.4,8.5,19.6,47.4,53.1,30.2,21.4,31.9,68.8
1973-10-01,54.7,0.0,7.1,73.3,,25.9,135.7,6.6,80.9,,126.6,5.1,8.9,8.0,4.7,5.4,8.4,0.0,86.4,56.6,83.3,86.6,0.0,89.2,67.3,40.1,139.3,139.8,89.8,138.4,54.7,0.0,7.1,73.3,52.1,25.9,135.7,6.6,80.9,63.7,126.6
1973-11-01,16.5,0.0,6.4,49.9,,43.8,165.6,50.8,68.6,,67.8,4.6,8.0,7.2,4.2,4.9,7.6,0.0,26.1,48.0,70.7,73.4,0.0,26.9,20.3,67.9,74.6,170.6,76.1,168.9,16.5,0.0,6.4,49.9,113.7,43.8,165.6,50.8,68.6,23.3,67.8
1973-12-01,94.9,1.2,103.2,187.3,,134.5,139.8,143.0,117.5,,144.2,74.3,129.0,116.6,68.1,78.4,122.8,4.4,149.9,82.3,121.0,125.7,4.2,154.7,116.7,208.5,158.6,144.0,130.4,142.6,94.9,1.2,103.2,187.3,114.5,134.5,139.8,143.0,117.5,42.0,144.2
1974-01-01,52.1,53.2,309.1,161.0,,83.8,135.7,116.1,71.5,,112.2,222.6,386.4,349.3,204.0,234.9,367.8,195.8,82.3,50.1,73.6,76.5,187.3,84.9,64.1,129.9,123.4,139.8,79.4,138.4,52.1,53.2,309.1,161.0,128.6,83.8,135.7,116.1,71.5,92.3,112.2
1974-02-01,136.8,38.3,338.8,137.8,,119.6,179.2,125.9,131.0,,170.5,243.9,423.5,382.8,223.6,257.5,403.2,140.9,216.1,91.7,134.9,140.2,134.8,223.0,168.3,185.4,187.6,184.6,145.4,182.8,136.8,38.3,338.8,137.8,64.7,119.6,179.2,125.9,131.0,83.4,170.5
1974-03-01,95.0,62.8,117.1,119.2,,107.8,173.6,64.5,198.0,,129.6,84.3,146.4,132.3,77.3,89.0,139.3,231.1,150.1,138.6,203.9,211.9,221.1,154.9,116.9,167.1,142.6,178.8,219.8,177.1,95.0,62.8,117.1,119.2,192.4,107.8,173.6,64.5,198.0,79.5,129.6
1974-04-01,14.1,0.0,11.1,45.6,,32.3,90.2,41.9,37.2,,51.3,8.0,13.9,12.5,7.3,8.4,13.2,0.0,22.3,26.0,38.3,39.8,0.0,23.0,17.3,50.1,56.4,92.9,41.3,92.0,14.1,0.0,11.1,45.6,43.5,32.3,90.2,41.9,37.2,51.1,51.3
1974-05-01,1.8,0.0,11.4,1.0,,3.7,5.1,0.0,4.8,,9.1,8.2,14.3,12.9,7.5,8.7,13.6,0.0,2.8,3.4,4.9,5.1,0.0,2.9,2.2,5.7,10.0,5.3,5.3,5.2,1.8,0.0,11.4,1.0,0.0,3.7,5.1,0.0,4.8,0.8,9.1
1974-06-01,0.2,0.0,0.0,0.0,,5.1,40.3,0.0,0.0,,13.5,0.0,0.0,0.0,0.0,0.0,0.0,0.0,0.3,0.0,0.0,0.0,0.0,0.3,0.2,7.9,14.9,41.5,0.0,41.1,0.2,0.0,0.0,0.0,0.0,5.1,40.3,0.0,0.0,0.0,13.5
1974-07-01,0.0,0.0,0.0,0.0,,2.1,29.2,1.6,1.3,,7.0,0.0,0.0,0.0,0.0,0.0,0.0,0.0,0.0,0.9,1.3,1.4,0.0,0.0,0.0,3.3,7.7,30.1,1.4,29.8,0.0,0.0,0.0,0.0,0.0,2.1,29.2,1.6,1.3,0.0,7.0
1974-08-01,1.3,0.0,0.0,13.7,,26.0,36.9,0.0,6.1,,38.4,0.0,0.0,0.0,0.0,0.0,0.0,0.0,2.1,4.3,6.3,6.5,0.0,2.1,1.6,40.3,42.2,38.0,6.8,37.6,1.3,0.0,0.0,13.7,560.2,26.0,36.9,0.0,6.1,0.0,38.4
1974-09-01,0.9,,0.0,1.0,,3.6,40.2,19.4,7.7,,16.6,0.0,0.0,0.0,0.0,0.0,0.0,0.0,1.4,5.4,7.9,8.2,0.0,1.5,1.1,5.6,18.3,41.4,8.5,41.0,0.9,0.0,0.0,1.0,0.1,3.6,40.2,19.4,7.7,3.3,16.6
1974-10-01,15.7,,0.0,12.4,,13.5,59.2,16.4,4.4,,40.9,0.0,0.0,0.0,0.0,0.0,0.0,0.0,24.8,3.1,4.5,4.7,0.0,25.6,19.3,20.9,45.0,61.0,4.9,60.4,15.7,0.0,0.0,12.4,1.4,13.5,59.2,16.4,4.4,10.2,40.9
1974-11-01,22.3,3.4,1.5,14.2,,34.9,64.5,34.8,18.7,,45.2,1.1,1.9,1.7,1.0,1.1,1.8,12.5,35.2,13.1,19.3,20.0,12.0,36.3,27.4,54.1,49.7,66.4,20.8,65.8,22.3,3.4,1.5,14.2,82.9,34.9,64.5,34.8,18.7,44.7,45.2
1974-12-01,20.5,10.5,14.3,21.0,,41.7,98.5,45.8,11.2,,45.2,10.3,17.9,16.2,9.4,10.9,17.0,38.6,32.4,7.8,11.5,12.0,37.0,33.4,25.2,64.6,49.7,101.5,12.4,100.5,20.5,10.5,14.3,21.0,63.8,41.7,98.5,45.8,11.2,33.8,45.2
1975-01-01,133.7,26.7,96.4,151.4,,127.4,239.8,103.5,116.4,,137.7,69.4,120.5,108.9,63.6,73.3,114.7,98.3,211.2,81.5,119.9,124.5,94.0,217.9,164.5,197.5,151.5,247.0,129.2,244.6,133.7,26.7,96.4,151.4,131.1,127.4,239.8,103.5,116.4,114.2,137.7
1975-02-01,96.2,44.1,177.1,118.8,,76.9,143.7,111.7,110.3,,96.8,127.5,221.4,200.1,116.9,134.6,210.7,162.3,152.0,77.2,113.6,118.0,155.2,156.8,118.3,119.2,106.5,148.0,122.4,146.6,96.2,44.1,177.1,118.8,213.6,76.9,143.7,111.7,110.3,136.8,96.8
1975-03-01,159.5,135.7,119.7,207.5,,165.7,200.8,198.6,97.7,,165.4,86.2,149.6,135.3,79.0,91.0,142.4,499.4,252.0,68.4,100.6,104.5,477.7,260.0,196.2,256.8,181.9,206.8,108.4,204.8,159.5,135.7,119.7,207.5,95.8,165.7,200.8,198.6,97.7,113.6,165.4
1975-04-01,35.7,7.8,7.5,51.4,,44.3,104.8,53.0,14.8,,59.7,5.4,9.4,8.5,5.0,5.7,8.9,28.7,56.4,10.4,15.2,15.8,27.5,58.2,43.9,68.7,65.7,107.9,16.4,106.9,35.7,7.8,7.5,51.4,120.3,44.3,104.8,53.0,14.8,42.9,59.7
1975-05-01,16.6,0.0,8.9,19.0,,36.8,96.9,38.9,15.9,,55.7,6.4,11.1,10.1,5.9,6.8,10.6,0.0,26.2,11.1,16.4,17.0,0.0,27.1,20.4,57.0,61.3,99.8,17.6,98.8,16.6,0.0,8.9,19.0,0.0,36.8,96.9,38.9,15.9,5.5,55.7
1975-06-01,6.5,0.0,1.5,1.4,,0.0,16.4,13.6,2.7,,3.0,1.1,1.9,1.7,1.0,1.1,1.8,0.0,10.3,1.9,2.8,2.9,0.0,10.6,8.0,0.0,3.3,16.9,3.0,16.7,6.5,0.0,1.5,1.4,0.0,0.0,16.4,13.6,2.7,0.1,3.0
1975-07-01,0.0,0.0,1.0,0.0,,0.0,5.3,0.0,0.0,,1.0,0.7,1.3,1.1,0.7,0.8,1.2,0.0,0.0,0.0,0.0,0.0,0.0,0.0,0.0,0.0,1.1,5.5,0.0,5.4,0.0,0.0,1.0,0.0,0.0,0.0,5.3,0.0,0.0,0.0,1.0
1975-08-01,3.9,0.0,0.1,13.0,,8.3,44.5,18.2,0.0,,22.8,0.1,0.1,0.1,0.1,0.1,0.1,0.0,6.2,0.0,0.0,0.0,0.0,6.4,4.8,12.9,25.1,45.8,0.0,45.4,3.9,0.0,0.1,13.0,190.4,8.3,44.5,18.2,0.0,0.0,22.8
1975-09-01,2.0,0.0,1.9,2.3,,29.5,100.9,19.9,0.0,,43.4,1.4,2.4,2.1,1.3,1.4,2.3,0.0,3.2,0.0,0.0,0.0,0.0,3.3,2.5,45.7,47.7,103.9,0.0,102.9,2.0,0.0,1.9,2.3,3.0,29.5,100.9,19.9,0.0,5.6,43.4
1975-10-01,20.9,1.8,16.5,25.0,,31.8,80.3,20.4,55.9,,53.7,11.9,20.6,18.6,10.9,12.5,19.6,6.6,33.0,39.1,57.6,59.8,6.3,34.1,25.7,49.3,59.1,82.7,62.0,81.9,20.9,1.8,16.5,25.0,5.7,31.8,80.3,20.4,55.9,17.5,53.7
1975-11-01,19.9,3.1,7.6,16.7,,39.9,94.8,40.1,19.7,,62.2,5.5,9.5,8.6,5.0,5.8,9.0,11.4,31.4,13.8,20.3,21.1,10.9,32.4,24.5,61.8,68.4,97.6,21.9,96.7,19.9,3.1,7.6,16.7,81.2,39.9,94.8,40.1,19.7,40.5,62.2
1975-12-01,33.7,4.4,25.0,53.8,,16.4,96.0,69.0,50.6,,70.4,18.0,31.3,28.3,16.5,19.0,29.8,16.2,53.2,35.4,52.1,54.1,15.5,54.9,41.5,25.4,77.4,98.9,56.2,97.9,33.7,4.4,25.0,53.8,108.5,16.4,96.0,69.0,50.6,106.1,70.4
1976-01-01,135.2,26.7,257.8,202.1,,125.3,214.0,135.1,154.8,,,185.6,322.3,291.3,170.1,195.9,306.8,98.3,213.6,108.4,159.4,165.6,94.0,220.4,166.3,194.2,128.9,220.4,171.8,218.3,135.2,26.7,257.8,202.1,197.7,125.3,214.0,135.1,154.8,42.5,117.2
1976-02-01,133.6,22.1,112.7,151.2,,114.5,208.1,156.7,184.3,,,81.1,140.9,127.4,74.4,85.7,134.1,81.3,211.1,129.0,189.8,197.2,77.8,217.8,164.3,177.5,150.3,214.3,204.6,212.3,133.6,22.1,112.7,151.2,215.9,114.5,208.1,156.7,184.3,79.8,136.6
1976-03-01,99.1,0.0,193.8,187.7,,114.1,169.9,126.8,156.1,,,139.5,242.3,219.0,127.9,147.3,230.6,0.0,156.6,109.3,160.8,167.0,0.0,161.5,121.9,176.9,123.2,175.0,173.3,173.3,99.1,0.0,193.8,187.7,48.3,114.1,169.9,126.8,156.1,80.7,112.0
1976-04-01,16.6,0.0,10.7,31.5,,36.9,63.7,46.2,51.1,,,7.7,13.4,12.1,7.1,8.1,12.7,0.0,26.2,35.8,52.6,54.7,0.0,27.1,20.4,57.2,50.8,65.6,56.7,65.0,16.6,0.0,10.7,31.5,24.5,36.9,63.7,46.2,51.1,42.9,46.2
1976-05-01,1.0,0.0,2.9,2.5,,5.5,26.4,14.0,4.3,,,2.1,3.6,3.3,1.9,2.2,3.5,0.0,1.6,3.0,4.4,4.6,0.0,1.6,1.2,8.5,18.5,27.2,4.8,26.9,1.0,0.0,2.9,2.5,0.0,5.5,26.4,14.0,4.3,0.3,16.8
1976-06-01,6.6,0.0,1.8,0.0,,7.9,28.1,14.5,6.7,,,1.3,2.3,2.0,1.2,1.4,2.1,0.0,10.4,4.7,6.9,7.2,0.0,10.8,8.1,12.2,3.9,28.9,7.4,28.7,6.6,0.0,1.8,0.0,0.1,7.9,28.1,14.5,6.7,0.1,3.5
1976-07-01,0.0,0.0,2.7,0.0,,2.7,12.3,0.0,0.4,,10.0,1.9,3.4,3.1,1.8,2.1,3.2,0.0,0.0,0.3,0.4,0.4,0.0,0.0,0.0,4.2,11.0,12.7,0.4,12.5,0.0,0.0,2.7,0.0,0.0,2.7,12.3,0.0,0.4,0.3,10.0
1976-08-01,0.6,0.0,5.6,0.0,,10.3,37.8,12.7,1.7,,28.8,4.0,7.0,6.3,3.7,4.3,6.7,0.0,0.9,1.2,1.8,1.8,0.0,1.0,0.7,16.0,31.7,38.9,1.9,38.6,0.6,0.0,5.6,0.0,180.6,10.3,37.8,12.7,1.7,0.3,28.8
1976-09-01,9.4,0.0,5.9,0.0,,13.5,35.3,21.6,4.5,,23.2,4.2,7.4,6.7,3.9,4.5,7.0,0.0,14.9,3.2,4.6,4.8,0.0,15.3,11.6,20.9,25.5,36.4,5.0,36.0,9.4,0.0,5.9,0.0,1.8,13.5,35.3,21.6,4.5,5.7,23.2
1976-10-01,0.0,0.0,3.1,0.0,,5.6,36.8,12.7,0.8,,24.8,2.2,3.9,3.5,2.0,2.4,3.7,0.0,0.0,0.6,0.8,0.9,0.0,0.0,0.0,8.7,27.3,37.9,0.9,37.5,0.0,0.0,3.1,0.0,0.0,5.6,36.8,12.7,0.8,0.0,24.8
1976-11-01,0.0,0.0,19.3,19.8,,18.8,51.0,19.1,3.6,,43.7,13.9,24.1,21.8,12.7,14.7,23.0,0.0,0.0,2.5,3.7,3.9,0.0,0.0,0.0,29.1,48.1,52.5,4.0,52.0,0.0,0.0,19.3,19.8,4.9,18.8,51.0,19.1,3.6,60.3,43.7
1976-12-01,34.4,0.0,43.1,1.5,,69.0,130.7,67.2,10.1,,94.5,31.0,53.9,48.7,28.4,32.8,51.3,0.0,54.4,7.1,10.4,10.8,0.0,56.1,42.3,107.0,104.0,134.6,11.2,133.3,34.4,0.0,43.1,1.5,68.2,69.0,130.7,67.2,10.1,65.6,94.5
1977-01-01,,12.7,316.4,34.9,,68.0,116.5,115.9,10.8,,69.4,227.8,395.5,357.5,208.8,240.5,376.5,46.7,109.0,7.6,11.1,11.6,44.7,112.5,84.9,105.4,76.3,120.0,12.0,118.8,69.0,12.7,316.4,34.9,212.1,68.0,116.5,115.9,10.8,23.0,69.4
1977-02-01,102.5,43.3,350.3,71.4,,111.1,220.6,159.9,169.8,,126.3,252.2,437.9,395.8,231.2,266.2,416.9,159.3,162.0,118.9,174.9,181.7,152.4,167.1,126.1,172.2,138.9,227.2,188.5,225.0,102.5,43.3,350.3,71.4,98.0,111.1,220.6,159.9,169.8,74.8,126.3
1977-03-01,103.8,143.4,258.6,151.5,,48.5,180.9,81.1,98.3,,112.1,186.2,323.3,292.2,170.7,196.5,307.7,527.7,164.0,68.8,101.2,105.2,504.8,169.2,127.7,75.2,123.3,186.3,109.1,184.5,103.8,143.4,258.6,151.5,151.2,48.5,180.9,81.1,98.3,49.4,112.1
1977-04-01,13.7,7.3,164.4,44.2,,37.5,63.0,31.5,36.1,,64.1,118.4,205.5,185.8,108.5,124.9,195.6,26.9,21.6,25.3,37.2,38.6,25.7,22.3,16.9,58.1,70.5,64.9,40.1,64.3,13.7,7.3,164.4,44.2,9.8,37.5,63.0,31.5,36.1,32.5,64.1
1977-05-01,15.2,0.0,14.6,20.5,,46.2,63.5,33.1,6.1,,56.0,10.5,18.3,16.5,9.6,11.1,17.4,0.0,24.0,4.3,6.3,6.5,0.0,24.8,18.7,71.6,61.6,65.4,6.8,64.8,15.2,0.0,14.6,20.5,0.0,46.2,63.5,33.1,6.1,2.9,56.0
1977-06-01,0.0,0.0,5.1,0.0,,0.8,5.9,0.0,0.0,,0.0,3.7,6.4,5.8,3.4,3.9,6.1,0.0,0.0,0.0,0.0,0.0,0.0,0.0,0.0,1.2,0.0,6.1,0.0,6.0,0.0,0.0,5.1,0.0,0.0,0.8,5.9,0.0,0.0,0.1,0.0
1977-07-01,0.0,0.0,2.3,0.0,,1.7,15.4,0.0,0.0,,13.6,1.7,2.9,2.6,1.5,1.7,2.7,0.0,0.0,0.0,0.0,0.0,0.0,0.0,0.0,2.6,15.0,15.9,0.0,15.7,0.0,0.0,2.3,0.0,0.0,1.7,15.4,0.0,0.0,4.5,13.6
1977-08-01,0.0,0.0,3.1,0.0,,0.7,2.3,0.0,0.0,,0.0,2.2,3.9,3.5,2.0,2.4,3.7,0.0,0.0,0.0,0.0,0.0,0.0,0.0,0.0,1.1,0.0,2.4,0.0,2.3,0.0,0.0,3.1,0.0,0.0,0.7,2.3,0.0,0.0,0.6,0.0
1977-09-01,5.8,0.0,8.4,0.0,,17.8,38.5,14.5,0.0,,34.1,6.0,10.5,9.5,5.5,6.4,10.0,0.0,9.2,0.0,0.0,0.0,0.0,9.5,7.1,27.6,37.5,39.7,0.0,39.3,5.8,0.0,8.4,0.0,6.4,17.8,38.5,14.5,0.0,3.7,34.1
1977-10-01,2.7,0.0,6.7,1.5,,14.2,31.4,20.6,7.6,,38.1,4.8,8.4,7.6,4.4,5.1,8.0,0.0,4.3,5.3,7.8,8.1,0.0,4.4,3.3,22.0,41.9,32.3,8.4,32.0,2.7,0.0,6.7,1.5,0.0,14.2,31.4,20.6,7.6,4.3,38.1
1977-11-01,35.0,0.0,12.3,157.9,,85.6,149.2,73.5,94.7,,,8.9,15.4,13.9,8.1,9.3,14.6,0.0,55.3,66.3,97.5,101.3,0.0,57.1,43.1,132.7,117.7,153.7,105.1,152.2,35.0,0.0,12.3,157.9,4.0,85.6,149.2,73.5,94.7,81.7,107.0
1977-12-01,,20.5,0.0,66.9,,72.3,39.7,78.4,80.3,,,0.0,0.0,0.0,0.0,0.0,0.0,75.4,35.7,56.2,82.7,85.9,72.2,36.8,27.8,112.1,92.2,40.9,89.1,40.5,22.6,20.5,0.0,66.9,175.0,72.3,39.7,78.4,80.3,83.3,83.8
1978-01-01,56.5,27.9,119.0,107.9,,39.4,108.9,103.3,113.7,,,85.7,148.8,134.5,78.5,90.4,141.6,102.7,89.3,79.6,117.1,121.7,98.2,92.1,69.5,61.1,153.2,112.2,126.2,111.1,56.5,27.9,119.0,107.9,127.2,39.4,108.9,103.3,113.7,109.2,139.3
1978-02-01,104.4,30.0,116.5,131.8,,114.6,157.5,160.4,164.0,,,83.9,145.6,131.6,76.9,88.5,138.6,110.4,165.0,114.8,168.9,175.5,105.6,170.2,128.4,177.6,146.4,162.2,182.0,160.7,104.4,30.0,116.5,131.8,189.3,114.6,157.5,160.4,164.0,90.5,133.1
1978-03-01,38.6,,217.3,41.3,,50.1,138.2,64.7,102.9,,,156.5,271.6,245.5,143.4,165.1,258.6,212.7,61.0,72.0,106.0,110.1,203.5,62.9,47.5,77.7,91.7,142.3,114.2,141.0,38.6,57.8,217.3,41.3,198.4,50.1,138.2,64.7,102.9,61.8,83.4
1978-04-01,18.2,27.7,89.9,0.5,,28.3,77.6,44.2,53.5,,,64.7,112.4,101.6,59.3,68.3,107.0,101.9,28.8,37.5,55.1,57.2,97.5,29.7,22.4,43.9,41.5,79.9,59.4,79.2,18.2,27.7,89.9,0.5,58.5,28.3,77.6,44.2,53.5,52.4,37.7
1978-05-01,0.0,0.0,16.2,0.0,,3.8,14.0,0.0,0.0,,,11.7,20.3,18.3,10.7,12.3,19.3,0.0,0.0,0.0,0.0,0.0,0.0,0.0,0.0,5.9,7.5,14.4,0.0,14.3,0.0,0.0,16.2,0.0,2.0,3.8,14.0,0.0,0.0,5.7,6.8
1978-06-01,0.0,0.0,4.0,0.0,,0.0,18.6,0.0,0.0,,,2.9,5.0,4.5,2.6,3.0,4.8,0.0,0.0,0.0,0.0,0.0,0.0,0.0,0.0,0.0,0.1,19.2,0.0,19.0,0.0,0.0,4.0,0.0,0.1,0.0,18.6,0.0,0.0,0.0,0.1
1978-07-01,1.9,0.0,3.8,0.0,,5.6,16.1,1.8,4.3,,,2.7,4.8,4.3,2.5,2.9,4.5,0.0,3.0,3.0,4.4,4.6,0.0,3.1,2.3,8.7,12.9,16.6,4.8,16.4,1.9,0.0,3.8,0.0,0.0,5.6,16.1,1.8,4.3,6.9,11.7
1978-08-01,,0.0,4.1,0.0,,2.8,2.9,0.0,1.8,,,3.0,5.1,4.6,2.7,3.1,4.9,0.0,9.0,1.3,1.9,1.9,0.0,9.3,7.0,4.3,0.7,3.0,2.0,3.0,5.7,0.0,4.1,0.0,0.0,2.8,2.9,0.0,1.8,0.0,0.6
1978-09-01,4.3,0.0,2.5,13.2,,33.6,93.1,37.8,15.3,,,1.8,3.1,2.8,1.7,1.9,3.0,0.0,6.8,10.7,15.8,16.4,0.0,7.0,5.3,52.1,8.6,95.9,17.0,95.0,4.3,0.0,2.5,13.2,0.0,33.6,93.1,37.8,15.3,20.4,7.8
1978-10-01,,0.0,2.7,55.9,,44.3,81.4,41.7,37.5,,,1.9,3.4,3.1,1.8,2.1,3.2,0.0,22.4,26.3,38.6,40.1,0.0,23.1,17.5,68.7,78.9,83.8,41.6,83.0,14.2,0.0,2.7,55.9,14.8,44.3,81.4,41.7,37.5,30.6,71.7
1978-11-01,36.4,0.0,2.7,59.1,,44.1,86.2,69.7,93.8,,,1.9,3.4,3.1,1.8,2.1,3.2,0.0,57.5,65.7,96.6,100.4,0.0,59.3,44.8,68.4,75.9,88.8,104.1,87.9,36.4,0.0,2.7,59.1,89.6,44.1,86.2,69.7,93.8,66.1,69.0
1978-12-01,46.4,0.0,1.4,74.0,,28.2,58.3,66.1,83.9,,,1.0,1.8,1.6,0.9,1.1,1.7,0.0,73.3,58.7,86.4,89.8,0.0,75.6,57.1,43.7,43.0,60.0,93.1,59.5,46.4,0.0,1.4,74.0,63.1,28.2,58.3,66.1,83.9,41.3,39.1
1979-01-01,,,49.4,32.5,,48.3,62.4,40.1,43.5,,,35.6,61.8,55.8,32.6,37.5,58.8,4.4,85.3,30.5,44.8,46.5,4.2,88.0,66.4,74.9,146.7,64.3,48.3,63.6,54.0,1.2,49.4,32.5,89.2,48.3,62.4,40.1,43.5,81.4,133.4
1979-02-01,,,46.2,108.5,,95.4,146.9,126.3,158.9,,,33.3,57.8,52.2,30.5,35.1,55.0,6.6,169.7,111.2,163.7,170.0,6.3,175.1,132.1,147.9,87.6,151.3,176.4,149.8,107.4,1.8,46.2,108.5,244.0,95.4,146.9,126.3,158.9,78.9,79.6
1979-03-01,,,162.7,236.6,,106.7,216.0,139.5,152.5,,,117.1,203.4,183.9,107.4,123.7,193.6,37.2,28.8,106.8,157.1,163.2,35.6,29.7,22.4,165.4,224.5,222.5,169.3,220.3,18.2,10.1,162.7,236.6,117.4,106.7,216.0,139.5,152.5,101.4,204.1
1979-04-01,,,52.3,57.8,,57.1,81.1,55.0,45.8,,,37.7,65.4,59.1,34.5,39.7,62.2,4.8,12.5,32.1,47.2,49.0,4.6,12.9,9.7,88.5,89.1,83.5,50.8,82.7,7.9,1.3,52.3,57.8,65.9,57.1,81.1,55.0,45.8,61.6,81.0
1979-05-01,,,1.3,0.0,,7.2,19.5,0.0,2.1,,,0.9,1.6,1.5,0.9,1.0,1.5,0.0,3.5,1.5,2.2,2.2,0.0,3.6,2.7,11.2,7.9,20.1,2.3,19.9,2.2,0.0,1.3,0.0,0.1,7.2,19.5,0.0,2.1,5.7,7.2
1979-06-01,,,1.0,0.0,,0.0,1.2,0.0,0.0,,,0.7,1.3,1.1,0.7,0.8,1.2,0.0,0.9,0.0,0.0,0.0,0.0,1.0,0.7,0.0,0.0,1.2,0.0,1.2,0.6,0.0,1.0,0.0,0.0,0.0,1.2,0.0,0.0,0.0,0.0
1979-07-01,0.0,,1.6,0.0,,0.0,,0.0,0.5,,,1.2,2.0,1.8,1.1,1.2,1.9,0.0,0.0,0.4,0.5,0.5,0.0,0.0,0.0,0.0,9.1,5.5,0.6,5.4,0.0,0.0,1.6,0.0,0.0,0.0,5.3,0.0,0.5,0.7,8.3
1979-08-01,,,0.5,0.0,,0.0,7.7,0.0,1.4,,,0.4,0.6,0.6,0.3,0.4,0.6,0.0,0.0,1.0,1.4,1.5,0.0,0.0,0.0,0.0,0.0,7.9,1.6,7.9,0.0,0.0,0.5,0.0,0.0,0.0,7.7,0.0,1.4,0.1,0.0
1979-09-01,,,2.5,1.5,,9.5,28.6,3.7,1.0,,,1.8,3.1,2.8,1.7,1.9,3.0,0.0,1.7,0.7,1.0,1.1,0.0,1.8,1.4,14.7,14.7,29.5,1.1,29.2,1.1,0.0,2.5,1.5,0.0,9.5,28.6,3.7,1.0,6.3,13.4
1979-10-01,,,4.4,6.0,,17.6,25.2,5.6,0.0,,,3.2,5.5,5.0,2.9,3.3,5.2,0.0,7.9,0.0,0.0,0.0,0.0,8.2,6.2,27.3,34.5,26.0,0.0,25.7,5.0,0.0,4.4,6.0,3.4,17.6,25.2,5.6,0.0,1.5,31.4
1979-11-01,,,3.6,4.0,,16.5,29.2,4.9,1.4,,,2.6,4.5,4.1,2.4,2.7,4.3,55.2,66.7,1.0,1.4,1.5,52.8,68.8,51.9,25.6,35.8,30.1,1.6,29.8,42.2,15.0,3.6,4.0,49.9,16.5,29.2,4.9,1.4,106.4,32.5
1979-12-01,,,4.5,2.4,,12.7,53.0,6.2,9.3,,,3.2,5.6,5.1,3.0,3.4,5.4,66.2,58.8,6.5,9.6,10.0,63.4,60.6,45.8,19.7,12.0,54.6,10.3,54.1,37.2,18.0,4.5,2.4,108.4,12.7,53.0,6.2,9.3,73.4,10.9
1980-01-01,,,16.9,46.0,,71.5,127.4,18.8,49.8,,,12.2,21.1,19.1,11.2,12.8,20.1,18.4,143.8,34.9,51.3,53.3,17.6,148.3,111.9,110.8,147.3,131.2,55.3,129.9,91.0,5.0,16.9,46.0,132.7,71.5,127.4,18.8,49.8,31.8,133.9
1980-02-01,,,44.9,35.5,,62.6,48.2,15.08,25.6,,,32.3,56.1,50.7,29.6,34.1,53.4,96.8,77.6,17.9,26.4,27.4,92.6,80.0,60.4,97.0,88.9,49.6,28.4,49.2,49.1,26.3,44.9,35.5,49.5,62.6,48.2,15.1,25.6,35.0,80.8
1980-03-01,,,,21.5,,80.5,140.6,26.06,14.5,,,38.4,66.8,60.3,35.2,40.6,63.5,21.7,0.0,10.2,14.9,15.5,20.8,0.0,0.0,124.8,100.4,144.8,16.1,143.4,0.0,5.9,164.2,21.5,169.1,80.5,140.6,26.1,14.5,37.1,91.3
1980-04-01,,,,11.0,,8.1,35.4,9.04,2.5,,,2.6,4.5,4.1,2.4,2.7,4.3,9.6,1.7,1.8,2.6,2.7,9.2,1.8,1.4,12.6,30.0,36.5,2.8,36.1,1.1,2.6,60.5,11.0,121.5,8.1,35.4,9.0,2.5,5.6,27.3
1980-05-01,0.0,,,0.5,,4.8,0.0,0.0,0.0,,,0.0,0.0,0.0,0.0,0.0,0.0,0.7,0.0,0.0,0.0,0.0,0.7,0.0,0.0,7.4,11.3,0.0,0.0,0.0,0.0,0.2,6.9,0.5,0.0,4.8,0.0,0.0,0.0,1.6,10.3
1980-06-01,0.0,,,0.0,,1.2,0.7,0.0,6.4,,,0.0,0.0,0.0,0.0,0.0,0.0,0.0,0.0,4.5,6.6,6.8,0.0,0.0,0.0,1.9,0.3,0.7,7.1,0.7,0.0,0.0,0.7,0.0,0.0,1.2,0.7,0.0,6.4,0.0,0.3
1980-07-01,0.0,,,4.0,,0.8,28.3,0.0,2.4,,,0.0,0.0,0.0,0.0,0.0,0.0,0.0,0.0,1.7,2.5,2.6,0.0,0.0,0.0,1.2,7.5,29.1,2.7,28.9,0.0,0.0,0.3,4.0,0.0,0.8,28.3,0.0,2.4,0.0,6.8
1980-08-01,,0.0,,3.2,,0.0,11.9,2.0,0.0,,,0.0,0.0,0.0,0.0,0.0,0.0,0.0,1.1,0.0,0.0,0.0,0.0,1.1,0.9,0.0,0.0,12.3,0.0,12.1,0.7,0.0,1.0,3.2,0.0,0.0,11.9,2.0,0.0,0.0,0.0
1980-09-01,,0.0,,0.0,,3.3,17.5,0.0,0.0,,,0.3,0.5,0.5,0.3,0.3,0.5,0.0,1.4,0.0,0.0,0.0,0.0,1.5,1.1,5.1,35.1,18.0,0.0,17.9,0.9,0.0,4.4,0.0,0.7,3.3,17.5,0.0,0.0,0.0,31.9
1980-10-01,,,,126.1,,103.0,104.1,15.4,87.5,80.1,,0.3,0.5,0.5,0.3,0.3,0.5,0.0,71.6,61.3,90.1,93.6,0.0,73.8,55.7,159.7,107.5,107.2,97.1,106.2,45.3,0.0,15.1,126.1,249.7,103.0,104.1,15.4,87.5,80.1,97.7
1980-11-01,,,34.4,185.9,,59.5,63.8,63.4,80.3,48.9,,24.8,43.0,38.9,22.7,26.1,40.9,19.1,82.2,56.2,82.7,85.9,18.3,84.8,64.0,92.2,85.9,65.7,89.1,65.1,52.0,5.2,34.4,185.9,119.0,59.5,63.8,63.4,80.3,48.9,78.1
1980-12-01,,,12.1,113.7,,72.2,89.0,88.6,79.5,62.2,,8.7,15.1,13.7,8.0,9.2,14.4,1.5,66.8,55.7,81.9,85.1,1.4,68.9,52.0,111.9,90.4,91.7,88.2,90.8,42.3,0.4,12.1,113.7,66.9,72.2,89.0,88.6,79.5,62.2,82.2
1981-01-01,,,51.8,213.5,,92.9,111.6,142.1,130.1,106.1,,37.3,64.8,58.5,34.2,39.4,61.6,10.7,180.3,91.1,134.0,139.2,10.2,186.0,140.3,144.0,143.1,114.9,144.4,113.8,114.1,2.9,51.8,213.5,64.5,92.9,111.6,142.1,130.1,106.1,130.1
1981-02-01,,,181.3,220.7,,156.4,236.7,211.7,199.7,160.2,,130.5,226.6,204.9,119.7,137.8,215.7,87.6,174.6,139.8,205.7,213.7,83.8,180.1,135.9,242.4,293.9,243.8,221.7,241.4,110.5,23.8,181.3,220.7,265.7,156.4,236.7,211.7,199.7,160.2,267.2
1981-03-01,,,179.6,145.5,,107.0,107.8,215.8,195.3,151.4,,129.3,224.5,202.9,118.5,136.5,213.7,216.0,225.6,136.7,201.2,209.0,206.6,232.8,175.6,165.9,99.2,111.0,216.8,110.0,142.8,58.7,179.6,145.5,298.2,107.0,107.8,215.8,195.3,151.4,90.2
1981-04-01,,0.0,33.3,45.2,,0.0,41.1,0.0,23.3,12.9,,24.0,41.6,37.6,22.0,25.3,39.6,0.0,39.0,16.3,24.0,24.9,0.0,40.3,30.4,0.0,34.7,42.3,25.9,41.9,24.7,0.0,33.3,45.2,98.2,0.0,41.1,0.0,23.3,12.9,31.5
1981-05-01,,0.0,0.0,11.0,,0.0,0.0,0.0,0.0,0.0,,0.0,0.0,0.0,0.0,0.0,0.0,0.0,0.5,0.0,0.0,0.0,0.0,0.5,0.4,0.0,16.6,0.0,0.0,0.0,0.3,0.0,0.0,11.0,0.0,0.0,0.0,0.0,0.0,0.0,15.1
1981-06-01,0.0,0.0,0.0,0.0,,0.0,2.5,0.0,0.0,0.0,,0.0,0.0,0.0,0.0,0.0,0.0,0.0,0.0,0.0,0.0,0.0,0.0,0.0,0.0,0.0,0.0,2.6,0.0,2.6,0.0,0.0,0.0,0.0,0.0,0.0,2.5,0.0,0.0,0.0,0.0
1981-07-01,0.0,0.0,0.0,0.0,,0.0,0.0,0.0,0.0,0.0,,0.0,0.0,0.0,0.0,0.0,0.0,0.0,0.0,0.0,0.0,0.0,0.0,0.0,0.0,0.0,4.2,0.0,0.0,0.0,0.0,0.0,0.0,0.0,0.0,0.0,0.0,0.0,0.0,0.0,3.8
1981-08-01,,0.0,0.0,5.5,,7.2,65.9,0.0,8.6,9.1,,0.0,0.0,0.0,0.0,0.0,0.0,0.0,0.0,6.0,8.9,9.2,0.0,0.0,0.0,11.2,4.0,67.9,9.5,67.2,0.0,0.0,0.0,5.5,0.0,7.2,65.9,0.0,8.6,9.1,3.6
1981-09-01,,,0.0,0.0,,0.0,9.5,0.0,0.0,0.5,,0.0,0.0,0.0,0.0,0.0,0.0,0.0,2.5,0.0,0.0,0.0,0.0,2.6,2.0,0.0,11.7,9.8,0.0,9.7,1.6,0.0,0.0,0.0,0.0,0.0,9.5,0.0,0.0,0.5,10.6
1981-10-01,,,8.2,35.0,,57.2,93.8,78.6,67.4,46.4,,5.9,10.3,9.3,5.4,6.2,9.8,177.7,87.8,47.2,69.4,72.1,170.0,90.6,68.4,88.7,80.7,96.6,74.8,95.7,55.6,48.3,8.2,35.0,16.0,57.2,93.8,78.6,67.4,46.4,73.4
1981-11-01,,,41.5,79.0,,61.7,140.5,115.5,105.5,72.1,,29.9,51.9,46.9,27.4,31.5,49.4,81.7,62.3,73.9,108.7,112.9,78.1,64.2,48.5,95.6,78.9,144.7,117.1,143.3,39.4,22.2,41.5,79.0,47.3,61.7,140.5,115.5,105.5,72.1,71.7
1981-12-01,,,48.5,185.3,,109.5,138.3,145.8,135.9,105.6,,34.9,60.6,54.8,32.0,36.9,57.7,94.9,89.9,95.1,140.0,145.4,90.8,92.7,70.0,169.7,185.6,142.4,150.8,141.1,56.9,25.8,48.5,185.3,185.7,109.5,138.3,145.8,135.9,105.6,168.7
1982-01-01,,,59.1,162.0,,88.3,119.8,137.9,118.7,86.1,,42.6,73.9,66.8,39.0,44.9,70.3,142.0,296.1,83.1,122.3,127.0,135.9,305.5,230.5,136.9,139.9,123.4,131.8,122.2,187.4,38.6,59.1,162.0,102.0,88.3,119.8,137.9,118.7,86.1,127.2
1982-02-01,,,38.1,134.0,,153.2,140.8,246.8,220.8,148.1,,27.4,47.6,43.1,25.1,29.0,45.3,75.1,111.7,154.6,227.4,236.3,71.8,115.2,87.0,237.5,187.9,145.0,245.1,143.6,70.7,20.4,38.1,134.0,255.2,153.2,140.8,246.8,220.8,148.1,170.8
1982-03-01,,,15.3,69.5,,71.9,122.6,215.2,104.6,83.1,,11.0,19.1,17.3,10.1,11.6,18.2,237.7,124.2,73.2,107.7,111.9,227.4,128.1,96.7,111.4,99.0,126.3,116.1,125.1,78.6,64.6,15.3,69.5,120.6,71.9,122.6,215.2,104.6,83.1,90.0
1982-04-01,,,47.9,2.5,,37.3,69.5,110.4,71.2,41.0,,34.5,59.9,54.1,31.6,36.4,57.0,40.8,103.5,49.8,73.3,76.2,39.1,106.8,80.6,57.8,62.6,71.6,79.0,70.9,65.5,11.1,47.9,2.5,51.6,37.3,69.5,110.4,71.2,41.0,56.9
1982-05-01,,,0.0,0.0,,,4.6,0.0,1.5,0.0,,0.0,0.0,0.0,0.0,0.0,0.0,0.0,2.8,1.1,1.5,1.6,0.0,2.9,2.2,6.2,2.5,4.7,1.7,4.7,1.8,0.0,0.0,0.0,0.5,0.2,4.6,0.0,1.5,0.0,2.3
1982-06-01,,,0.0,0.0,,0.0,4.6,0.0,0.0,0.4,,0.0,0.0,0.0,0.0,0.0,0.0,0.0,5.4,0.0,0.0,0.0,0.0,5.5,4.2,0.0,0.3,4.7,0.0,4.7,3.4,0.0,0.0,0.0,0.0,0.0,4.6,0.0,0.0,0.4,0.3
1982-07-01,,,0.0,0.0,,4.3,3.3,0.0,0.0,0.5,,0.0,0.0,0.0,0.0,0.0,0.0,0.0,0.0,0.0,0.0,0.0,0.0,0.0,0.0,6.7,11.2,3.4,0.0,3.4,0.0,0.0,0.0,0.0,0.0,4.3,3.3,0.0,0.0,0.5,10.2
1982-08-01,,,0.0,0.0,,0.0,12.1,0.0,0.0,0.4,,0.0,0.0,0.0,0.0,0.0,0.0,0.0,1.1,0.0,0.0,0.0,0.0,1.1,0.9,0.0,0.0,12.5,0.0,12.3,0.7,0.0,0.0,0.0,0.0,0.0,12.1,0.0,0.0,0.4,0.0
1982-09-01,,,27.3,13.5,,0.0,25.9,4.8,10.6,9.5,,19.7,34.1,30.8,18.0,20.7,32.5,0.0,8.5,7.4,10.9,11.3,0.0,8.8,6.6,0.0,24.3,26.7,11.8,26.4,5.4,0.0,27.3,13.5,1.5,0.0,25.9,4.8,10.6,9.5,22.1
1982-10-01,,,53.1,22.2,,57.5,75.1,9.6,76.4,47.6,,38.2,66.4,60.0,35.0,40.4,63.2,1.8,52.1,53.5,78.7,81.7,1.8,53.8,40.6,89.1,59.5,77.4,84.8,76.6,33.0,0.5,53.1,22.2,9.3,57.5,75.1,9.6,76.4,47.6,54.1
1982-11-01,,,29.9,43.6,,65.5,128.4,36.9,108.0,97.1,,21.5,37.4,33.8,19.7,22.7,35.6,1.5,30.7,75.6,111.2,115.6,1.4,31.6,23.9,101.5,91.1,132.3,119.9,131.0,19.4,0.4,29.9,43.6,93.0,65.5,128.4,36.9,108.0,97.1,82.8
1982-12-01,,,81.0,22.5,,105.3,61.9,84.9,74.7,46.3,,58.3,101.3,91.5,53.5,61.6,96.4,16.2,109.2,52.3,76.9,79.9,15.5,112.6,85.0,163.2,70.6,63.8,82.9,63.1,69.1,4.4,81.0,22.5,86.0,105.3,61.9,84.9,74.7,46.3,64.2
1983-01-01,,,108.4,60.5,,162.8,88.2,179.8,167.6,99.0,,78.0,135.5,122.5,71.5,82.4,129.0,12.9,119.4,117.3,172.6,179.3,12.3,123.2,93.0,252.3,120.7,90.8,186.0,90.0,75.6,3.5,108.4,60.5,105.2,162.8,88.2,179.8,167.6,99.0,109.7
1983-02-01,,,48.2,59.4,,50.7,50.0,79.8,66.3,39.9,,34.7,60.3,54.5,31.8,36.6,57.4,12.9,61.9,46.4,68.3,70.9,12.3,63.9,48.2,78.6,93.9,51.5,73.6,51.0,39.2,3.5,48.2,59.4,68.7,50.7,50.0,79.8,66.3,39.9,85.4
1983-03-01,,,219.4,172.2,,180.2,127.9,179.2,152.1,103.9,,158.0,274.3,247.9,144.8,166.7,261.1,1.5,146.8,106.5,156.7,162.7,1.4,151.4,114.3,279.3,110.8,131.7,168.8,130.5,92.9,0.4,219.4,172.2,135.3,180.2,127.9,179.2,152.1,103.9,100.7
1983-04-01,,,98.3,91.7,,102.6,,0.0,86.7,66.2,,70.8,122.9,111.1,64.9,74.7,117.0,16.9,44.1,60.7,89.3,92.8,16.2,45.5,34.3,159.0,350.0,67.0,96.2,66.3,27.9,4.6,98.3,91.7,15.5,102.6,65.0,0.0,86.7,66.2,318.2
1983-05-01,,,2.7,,,0.0,,0.0,9.1,10.7,,1.9,3.4,3.1,1.8,2.1,3.2,0.0,1.1,6.4,9.4,9.7,0.0,1.1,0.9,0.0,16.7,43.1,10.1,42.6,0.7,0.0,2.7,0.7,0.0,0.0,41.8,0.0,9.1,10.7,15.2
1983-06-01,,,5.3,,,0.0,19.0,3.6,0.0,4.3,,3.8,6.6,6.0,3.5,4.0,6.3,0.0,0.0,0.0,0.0,0.0,0.0,0.0,0.0,0.0,0.1,19.6,0.0,19.4,0.0,0.0,5.3,0.0,0.0,0.0,19.0,3.6,0.0,4.3,0.1
1983-07-01,,,0.0,,,0.0,0.0,0.0,0.0,0.0,,0.0,0.0,0.0,0.0,0.0,0.0,0.0,0.3,0.0,0.0,0.0,0.0,0.3,0.2,0.0,2.3,0.0,0.0,0.0,0.2,0.0,0.0,0.0,0.0,0.0,0.0,0.0,0.0,0.0,2.1
1983-08-01,,,0.0,,,0.0,6.4,0.0,0.0,0.0,,0.0,0.0,0.0,0.0,0.0,0.0,0.0,8.8,0.0,0.0,0.0,0.0,9.1,6.9,0.0,0.0,6.6,0.0,6.5,5.6,0.0,0.0,0.0,0.0,0.0,6.4,0.0,0.0,0.0,0.0
1983-09-01,5.2,,0.0,,,3.2,45.9,0.0,9.2,5.8,,0.0,0.0,0.0,0.0,0.0,0.0,0.0,8.2,6.4,9.5,9.8,0.0,8.5,6.4,5.0,24.2,47.3,10.2,46.8,5.2,0.0,0.0,6.1,0.0,3.2,45.9,0.0,9.2,5.8,22.0
1983-10-01,,,0.0,,,,12.5,49.2,39.2,24.4,,0.0,0.0,0.0,0.0,0.0,0.0,0.0,7.1,27.4,40.4,41.9,0.0,7.3,5.5,7.8,39.8,12.9,43.5,12.8,4.5,0.0,0.0,2.4,0.0,14.3,12.5,49.2,39.2,24.4,36.2
1983-11-01,,,18.2,,,,63.3,38.0,34.9,26.0,,13.1,22.8,20.6,12.0,13.8,21.7,0.4,2.8,24.4,35.9,37.3,0.4,2.9,2.2,71.8,85.7,65.2,38.7,64.6,1.8,0.1,18.2,4.3,23.6,44.4,63.3,38.0,34.9,26.0,77.9
1983-12-01,,,97.9,,,,122.7,178.8,168.4,119.7,,70.5,122.4,110.6,64.6,74.4,116.5,184.0,55.0,117.9,173.5,180.2,176.0,56.7,42.8,146.5,189.0,126.4,186.9,125.2,34.8,50.0,97.9,30.8,335.7,91.1,122.7,178.8,168.4,119.7,171.8
1984-01-01,,22.8,98.0,126.1,,,100.3,132.8,121.1,80.9,,70.6,122.5,110.7,64.7,74.5,116.6,83.9,226.6,84.8,124.7,129.6,80.3,233.7,176.4,266.0,130.4,103.3,134.4,102.3,143.4,22.8,98.0,126.1,186.7,148.3,100.3,132.8,121.1,80.9,118.5
1984-02-01,,11.6,296.9,111.3,,,200.8,263.6,227.0,162.7,,213.8,371.1,335.5,196.0,225.6,353.3,42.7,272.9,158.9,233.8,242.9,40.8,281.5,212.4,181.4,132.1,206.8,252.0,204.8,172.7,11.6,296.9,111.3,182.1,130.2,200.8,263.6,227.0,162.7,120.1
1984-03-01,,22.0,159.5,132.1,,,166.8,,201.7,160.9,,114.8,199.4,180.2,105.3,121.2,189.8,81.0,50.4,141.2,207.8,215.8,77.4,52.0,39.2,168.8,177.9,171.8,223.9,170.1,31.9,22.0,159.5,132.1,89.8,155.6,166.8,290.7,201.7,160.9,161.7
1984-04-01,,8.6,52.3,117.1,,,69.4,40.6,39.2,34.9,,37.7,65.4,59.1,34.5,39.7,62.2,31.6,5.7,27.4,40.4,41.9,30.3,5.9,4.4,117.0,72.8,71.5,43.5,70.8,3.6,8.6,52.3,117.1,14.9,73.4,69.4,40.6,39.2,34.9,66.2
1984-05-01,,0.0,70.7,0.0,,,38.3,9.6,49.0,32.6,,50.9,88.4,79.9,46.7,53.7,84.1,0.0,9.6,34.3,50.5,52.4,0.0,9.9,7.5,41.2,25.6,39.4,54.4,39.1,6.1,0.0,70.7,0.0,0.0,11.1,38.3,9.6,49.0,32.6,23.3
1984-06-01,5.5,0.0,5.1,0.0,,,33.9,1.8,7.3,9.8,,3.7,6.4,5.8,3.4,3.9,6.1,0.0,8.7,5.1,7.5,7.8,0.0,9.0,6.8,10.7,10.8,34.9,8.1,34.6,5.5,0.0,5.1,0.0,0.0,28.0,33.9,1.8,7.3,9.8,9.8
1984-07-01,0.0,0.0,0.0,0.0,,,,0.0,0.0,0.4,,0.0,0.0,0.0,0.0,0.0,0.0,0.0,0.0,0.0,0.0,0.0,0.0,0.0,0.0,5.4,13.6,14.2,0.0,14.1,0.0,0.0,0.0,0.0,0.0,1.1,13.8,0.0,0.0,0.4,12.4
1984-08-01,,0.0,0.0,0.0,,,9.1,0.0,0.0,0.8,,0.0,0.0,0.0,0.0,0.0,0.0,0.0,0.0,0.0,0.0,0.0,0.0,0.0,0.0,11.2,0.0,9.4,0.0,9.3,0.0,0.0,0.0,0.0,0.0,1.8,9.1,0.0,0.0,0.8,0.0
1984-09-01,,0.0,0.0,0.0,,,20.8,0.0,0.0,1.2,,0.0,0.0,0.0,0.0,0.0,0.0,0.0,0.9,0.0,0.0,0.0,0.0,1.0,0.7,18.1,43.2,21.4,0.0,21.2,0.6,0.0,0.0,0.0,2.0,3.2,20.8,0.0,0.0,1.2,39.3
1984-10-01,,0.0,37.4,72.0,,,76.2,94.0,85.5,48.8,,26.9,46.8,42.3,24.7,28.4,44.5,0.0,22.8,59.9,88.1,91.5,0.0,23.5,17.7,16.4,108.8,78.5,94.9,77.7,14.4,0.0,37.4,72.0,57.5,66.4,76.2,94.0,85.5,48.8,98.9
1984-11-01,,11.8,49.6,71.5,,,111.8,112.0,100.2,71.1,,35.7,62.0,56.0,32.7,37.7,59.0,43.4,3.6,70.1,103.2,107.2,41.5,3.7,2.8,38.3,54.7,115.2,111.2,114.0,2.3,11.8,49.6,71.5,62.9,67.6,111.8,112.0,100.2,71.1,49.7
1984-12-01,,13.1,78.6,92.1,,,128.5,4.8,138.8,88.1,,56.6,98.3,88.8,51.9,59.7,93.5,48.2,162.6,97.2,143.0,148.5,46.1,167.7,126.6,102.0,20.0,132.4,154.1,131.1,102.9,13.1,78.6,92.1,130.0,47.7,128.5,4.8,138.8,88.1,18.2
1985-01-01,25.2,5.1,19.9,127.0,,,101.5,0.0,53.9,29.7,,14.3,24.9,22.5,13.1,15.1,23.7,18.8,39.8,37.7,55.5,57.7,18.0,41.1,31.0,197.3,159.6,104.5,59.8,103.5,25.2,5.1,19.9,127.0,139.6,52.2,101.5,0.0,53.9,29.7,145.1
1985-02-01,105.5,17.6,122.7,133.0,,,95.5,202.0,192.2,116.4,,88.3,153.4,138.7,81.0,93.3,146.0,64.8,166.7,134.5,198.0,205.7,62.0,172.0,129.8,162.9,100.0,98.4,213.3,97.4,105.5,17.6,122.7,133.0,266.9,100.0,95.5,202.0,192.2,116.4,90.9
1985-03-01,136.3,35.3,149.7,128.0,,,120.4,219.0,150.2,113.4,,107.8,187.1,169.2,98.8,113.8,178.1,129.9,215.4,105.1,154.7,160.7,124.3,222.2,167.6,55.5,79.2,124.0,166.7,122.8,136.3,35.3,149.7,128.0,101.5,50.2,120.4,219.0,150.2,113.4,72.0
1985-04-01,30.8,12.8,51.2,97.1,,,50.2,78.4,60.5,47.8,,36.9,64.0,57.9,33.8,38.9,60.9,47.1,48.7,42.4,62.3,64.7,45.1,50.2,37.9,40.0,45.8,51.7,67.2,51.2,30.8,12.8,51.2,97.1,19.0,69.6,50.2,78.4,60.5,47.8,41.6
1985-05-01,11.5,0.0,10.3,0.0,,,0.0,0.0,34.4,16.4,,7.4,12.9,11.6,6.8,7.8,12.3,0.0,18.2,24.1,35.4,36.8,0.0,18.7,14.1,2.6,8.9,0.0,38.2,0.0,11.5,0.0,10.3,0.0,0.0,3.9,0.0,0.0,34.4,16.4,8.1
1985-06-01,4.8,0.0,0.0,0.0,,,0.0,0.0,3.2,3.3,,0.0,0.0,0.0,0.0,0.0,0.0,0.0,7.6,2.2,3.3,3.4,0.0,7.8,5.9,0.0,0.0,0.0,3.6,0.0,4.8,0.0,0.0,0.0,0.0,1.7,0.0,0.0,3.2,3.3,0.0
1985-07-01,0.9,0.0,0.0,0.0,,,0.0,0.0,0.0,0.0,,0.0,0.0,0.0,0.0,0.0,0.0,0.0,1.4,0.0,0.0,0.0,0.0,1.5,1.1,8.2,3.5,0.0,0.0,0.0,0.9,0.0,0.0,0.0,0.0,0.0,0.0,0.0,0.0,0.0,3.2
1985-08-01,0.0,0.0,0.0,0.0,,,6.6,0.2,1.6,0.0,,0.0,0.0,0.0,0.0,0.0,0.0,0.0,0.0,1.1,1.6,1.7,0.0,0.0,0.0,5.6,6.6,6.8,1.8,6.7,0.0,0.0,0.0,0.0,0.1,7.8,6.6,0.2,1.6,0.0,6.0
1985-09-01,6.8,0.0,0.0,0.0,,,14.7,9.02,22.4,16.3,,0.0,0.0,0.0,0.0,0.0,0.0,0.0,10.7,15.7,23.1,24.0,0.0,11.1,8.4,23.1,18.0,15.1,24.9,15.0,6.8,0.0,0.0,0.0,0.6,9.3,14.7,9.0,22.4,16.3,16.4
1985-10-01,9.0,0.0,10.5,11.0,,,27.3,4.0,29.2,16.8,,7.6,13.1,11.9,6.9,8.0,12.5,0.0,14.2,20.4,30.1,31.2,0.0,14.7,11.1,30.4,66.4,28.1,32.4,27.8,9.0,0.0,10.5,11.0,0.9,10.8,27.3,4.0,29.2,16.8,60.4
1985-11-01,11.0,0.0,9.6,25.4,,,39.9,4.8,34.1,31.5,,6.9,12.0,10.8,6.3,7.3,11.4,0.0,17.4,23.9,35.1,36.5,0.0,17.9,13.5,139.8,107.9,41.1,37.9,40.7,11.0,0.0,9.6,25.4,53.6,29.1,39.9,4.8,34.1,31.5,98.1
1985-12-01,59.4,5.8,33.1,160.8,,,90.6,121.6,101.4,78.5,,23.8,41.4,37.4,21.8,25.2,39.4,21.3,93.9,71.0,104.4,108.5,20.4,96.8,73.1,70.4,137.1,93.3,112.6,92.4,59.4,5.8,33.1,160.8,102.1,35.6,90.6,121.6,101.4,78.5,124.6
1986-01-01,128.9,17.3,135.2,142.0,,,112.0,172.8,166.2,127.9,,97.3,169.0,152.8,89.2,102.8,160.9,63.7,203.7,116.3,171.2,177.8,60.9,210.1,158.5,162.3,101.5,115.4,184.5,114.2,128.9,17.3,135.2,142.0,107.5,123.2,112.0,172.8,166.2,127.9,92.3
1986-02-01,100.3,13.6,166.7,91.5,,,125.4,193.2,164.9,157.0,,120.0,208.4,188.4,110.0,126.7,198.4,50.0,158.5,115.4,169.8,176.4,47.9,163.5,123.4,95.8,87.9,129.2,183.0,127.9,100.3,13.6,166.7,91.5,100.9,102.0,125.4,193.2,164.9,157.0,79.9
1986-03-01,101.5,0.0,117.4,52.9,,,126.6,136.2,121.2,91.0,,84.5,146.8,132.7,77.5,89.2,139.7,0.0,160.4,84.8,124.8,129.7,0.0,165.4,124.8,90.1,92.4,130.4,134.5,129.1,101.5,0.0,117.4,52.9,257.8,82.9,126.6,136.2,121.2,91.0,84.0
1986-04-01,55.4,3.0,106.5,0.0,,,58.4,102.4,90.7,77.9,,76.7,133.1,120.3,70.3,80.9,126.7,11.0,87.5,63.5,93.4,97.0,10.6,90.3,68.1,113.0,58.5,60.2,100.7,59.6,55.4,3.0,106.5,0.0,34.7,45.0,58.4,102.4,90.7,77.9,53.2
1986-05-01,22.6,0.0,7.1,0.0,,,26.6,0.0,0.0,18.9,,5.1,8.9,8.0,4.7,5.4,8.4,0.0,35.7,0.0,0.0,0.0,0.0,36.8,27.8,19.5,4.7,27.4,0.0,27.1,22.6,0.0,7.1,0.0,2.7,3.5,26.6,0.0,0.0,18.9,4.3
1986-06-01,0.0,0.0,0.0,0.0,,,5.1,0.0,0.0,0.0,,0.0,0.0,0.0,0.0,0.0,0.0,0.0,0.0,0.0,0.0,0.0,0.0,0.0,0.0,0.0,0.3,5.3,0.0,5.2,0.0,0.0,0.0,0.0,0.0,0.0,5.1,0.0,0.0,0.0,0.3
1986-07-01,0.0,0.0,0.0,0.0,,3.5,6.7,0.0,0.0,1.0,,0.0,0.0,0.0,0.0,0.0,0.0,0.0,0.0,0.0,0.0,0.0,0.0,0.0,0.0,0.0,11.8,6.9,0.0,6.8,0.0,0.0,0.0,0.0,0.0,3.5,6.7,0.0,0.0,1.0,10.7
1986-08-01,4.0,0.0,11.6,0.0,,7.2,14.2,0.0,0.0,5.1,,8.4,14.5,13.1,7.7,8.8,13.8,0.0,6.3,0.0,0.0,0.0,0.0,6.5,4.9,0.0,0.0,14.6,0.0,14.5,4.0,0.0,11.6,0.0,0.0,7.2,14.2,0.0,0.0,5.1,0.0
1986-09-01,2.2,0.0,0.0,8.6,,11.7,48.1,0.8,0.0,1.1,,0.0,0.0,0.0,0.0,0.0,0.0,0.0,3.5,0.0,0.0,0.0,0.0,3.6,2.7,17.2,9.9,49.5,0.0,49.1,2.2,0.0,0.0,8.6,0.0,11.7,48.1,0.8,0.0,1.1,9.0
1986-10-01,0.0,0.0,0.0,27.0,,10.6,54.4,4.4,33.6,13.1,,0.0,0.0,0.0,0.0,0.0,0.0,0.0,0.0,23.5,34.6,36.0,0.0,0.0,0.0,42.8,74.3,56.0,37.3,55.5,0.0,0.0,0.0,27.0,14.5,10.6,54.4,4.4,33.6,13.1,67.5
1986-11-01,7.0,3.0,30.2,33.8,,24.7,106.1,44.05,46.3,25.1,,21.7,37.8,34.1,19.9,23.0,35.9,11.0,11.1,32.4,47.7,49.5,10.6,11.4,8.6,46.0,49.3,109.3,51.4,108.2,7.0,3.0,30.2,33.8,83.0,24.7,106.1,44.1,46.3,25.1,44.8
1986-12-01,112.3,7.9,121.0,84.0,,65.8,134.7,74.2,59.7,122.7,,87.1,151.3,136.7,79.9,92.0,144.0,29.1,177.4,41.8,61.5,63.9,27.8,183.0,138.1,95.8,70.0,138.7,66.3,137.4,112.3,7.9,121.0,84.0,387.1,65.8,134.7,74.2,59.7,122.7,63.6
1987-01-01,103.0,0.5,129.2,154.1,,127.3,196.5,238.9,240.6,104.6,,93.0,161.5,146.0,85.3,98.2,153.7,1.8,162.7,168.4,247.8,257.4,1.8,167.9,126.7,207.2,129.1,202.4,267.1,200.4,103.0,0.5,129.2,154.1,450.9,127.3,196.5,238.9,240.6,104.6,117.4
1987-02-01,105.6,54.5,130.1,114.0,,105.1,133.6,159.4,142.0,88.3,,93.7,162.6,147.0,85.9,98.9,154.8,200.6,166.8,99.4,146.3,151.9,191.8,172.1,129.9,145.5,94.9,137.6,157.6,136.3,105.6,54.5,130.1,114.0,129.0,105.1,133.6,159.4,142.0,88.3,86.3
1987-03-01,46.1,5.5,111.1,156.0,,35.8,153.4,15.8,92.1,69.2,,80.0,138.9,125.5,73.3,84.4,132.2,20.2,72.8,64.5,94.9,98.5,19.4,75.1,56.7,170.0,139.0,158.0,102.2,156.5,46.1,5.5,111.1,156.0,153.2,35.8,153.4,15.8,92.1,69.2,126.4
1987-04-01,22.7,1.0,19.8,121.0,,25.8,72.3,80.6,60.8,26.9,,14.3,24.8,22.4,13.1,15.0,23.6,3.7,35.9,42.6,62.6,65.1,3.5,37.0,27.9,72.1,54.8,74.5,67.5,73.7,22.7,1.0,19.8,121.0,100.8,25.8,72.3,80.6,60.8,26.9,49.8
1987-05-01,1.7,0.0,6.2,0.0,,1.7,9.4,20.0,15.0,19.9,,4.5,7.8,7.0,4.1,4.7,7.4,0.0,2.7,10.5,15.5,16.1,0.0,2.8,2.1,34.9,17.2,9.7,16.7,9.6,1.7,0.0,6.2,0.0,0.0,1.7,9.4,20.0,15.0,19.9,15.6
1987-06-01,0.0,0.0,0.0,0.0,,0.0,11.8,0.0,0.0,0.0,,0.0,0.0,0.0,0.0,0.0,0.0,0.0,0.0,0.0,0.0,0.0,0.0,0.0,0.0,5.7,7.5,12.2,0.0,12.0,0.0,0.0,0.0,0.0,0.0,0.0,11.8,0.0,0.0,0.0,6.8
1987-07-01,0.0,0.0,0.0,0.0,,5.3,0.0,0.0,0.0,0.0,,0.0,0.0,0.0,0.0,0.0,0.0,0.0,0.0,0.0,0.0,0.0,0.0,0.0,0.0,0.0,2.8,0.0,0.0,0.0,0.0,0.0,0.0,0.0,0.0,5.3,0.0,0.0,0.0,0.0,2.5
1987-08-01,2.0,0.0,0.0,0.0,,3.6,12.1,0.0,0.0,4.6,,0.0,0.0,0.0,0.0,0.0,0.0,0.0,3.2,0.0,0.0,0.0,0.0,3.3,2.5,3.1,0.2,12.5,0.0,12.3,2.0,0.0,0.0,0.0,0.0,3.6,12.1,0.0,0.0,4.6,0.2
1987-09-01,5.8,0.1,9.1,0.0,,14.9,17.8,,12.5,9.3,,6.6,11.4,10.3,6.0,6.9,10.8,0.4,9.2,8.8,12.9,13.4,0.4,9.5,7.1,22.8,11.4,18.3,13.9,18.2,5.8,0.1,9.1,0.0,0.1,14.9,17.8,31.2,12.5,9.3,10.4
1987-10-01,9.0,0.0,5.6,102.5,,19.6,92.5,,21.0,10.8,,4.0,7.0,6.3,3.7,4.3,6.7,0.0,14.2,14.7,21.6,22.5,0.0,14.7,11.1,61.2,125.1,95.3,23.3,94.4,9.0,0.0,5.6,102.5,128.0,19.6,92.5,105.1,21.0,10.8,113.7
1987-11-01,31.7,3.0,27.1,9.5,,90.2,39.9,98.08,61.8,40.4,,19.5,33.9,30.6,17.9,20.6,32.2,11.0,50.1,43.3,63.7,66.1,10.6,51.7,39.0,28.5,36.9,41.1,68.6,40.7,31.7,3.0,27.1,9.5,120.4,90.2,39.9,98.1,61.8,40.4,33.5
1987-12-01,84.6,18.0,33.7,2.5,,45.4,62.9,62.06,109.3,76.1,,24.3,42.1,38.1,22.2,25.6,40.1,66.2,133.7,76.5,112.6,117.0,63.4,137.9,104.1,11.8,26.1,64.8,121.3,64.2,84.6,18.0,33.7,2.5,96.9,45.4,62.9,62.1,109.3,76.1,23.7
1988-01-01,82.4,28.5,131.6,,111.1,104.7,128.9,140.8,132.7,91.6,,94.8,164.5,148.7,86.9,100.0,156.6,104.9,130.2,92.9,136.7,142.0,100.3,134.3,101.4,79.7,154.6,132.8,147.3,131.5,82.4,28.5,131.6,83.5,111.1,104.7,128.9,140.8,132.7,91.6,140.5
1988-02-01,95.3,9.5,131.8,,69.5,61.8,200.0,104.6,103.8,70.2,,94.9,164.8,148.9,87.0,100.2,156.8,35.0,150.6,72.7,106.9,111.1,33.4,155.3,117.2,117.8,125.5,206.0,115.2,204.0,95.3,9.5,131.8,65.4,69.5,61.8,200.0,104.6,103.8,70.2,114.1
1988-03-01,0.0,16.0,87.9,,102.8,58.1,79.6,118.2,113.3,73.1,,63.3,109.9,99.3,58.0,66.8,104.6,58.9,0.0,79.3,116.7,121.2,56.3,0.0,0.0,92.1,58.6,82.0,125.8,81.2,0.0,16.0,87.9,88.2,102.8,58.1,79.6,118.2,113.3,73.1,53.3
1988-04-01,,6.5,71.1,,104.7,72.9,65.2,211.08,91.7,58.2,,51.2,88.9,80.3,46.9,54.0,84.6,23.9,14.7,64.2,94.5,98.1,22.9,15.2,11.4,6.8,39.7,67.2,101.8,66.5,9.3,6.5,71.1,105.1,104.7,72.9,65.2,211.1,91.7,58.2,36.1
1988-05-01,,0.0,5.2,,0.0,12.6,40.0,0.0,13.4,19.2,,3.7,6.5,5.9,3.4,4.0,6.2,0.0,4.9,9.4,13.8,14.3,0.0,5.1,3.8,13.2,17.5,41.2,14.9,40.8,3.1,0.0,5.2,0.4,0.0,12.6,40.0,0.0,13.4,19.2,15.9
1988-06-01,,0.0,0.0,,0.0,0.0,7.1,0.0,0.0,0.0,,0.0,0.0,0.0,0.0,0.0,0.0,0.0,2.4,0.0,0.0,0.0,0.0,2.4,1.8,1.6,1.5,7.3,0.0,7.2,1.5,0.0,0.0,0.0,0.0,0.0,7.1,0.0,0.0,0.0,1.4
1988-07-01,,0.0,0.0,,0.0,0.0,2.9,0.0,0.0,0.0,,0.0,0.0,0.0,0.0,0.0,0.0,0.0,0.2,0.0,0.0,0.0,0.0,0.2,0.1,0.0,3.5,3.0,0.0,3.0,0.1,0.0,0.0,0.0,0.0,0.0,2.9,0.0,0.0,0.0,3.2
1988-08-01,,0.0,0.0,,0.0,0.0,1.9,0.0,0.0,0.9,,0.0,0.0,0.0,0.0,0.0,0.0,0.0,0.5,0.0,0.0,0.0,0.0,0.5,0.4,0.0,2.0,2.0,0.0,1.9,0.3,0.0,0.0,0.0,0.0,0.0,1.9,0.0,0.0,0.9,1.8
1988-09-01,,0.0,0.0,,0.0,11.1,28.4,6.8,6.6,4.2,,0.0,0.0,0.0,0.0,0.0,0.0,0.0,35.1,4.6,6.8,7.1,0.0,36.2,27.3,2.3,13.3,29.3,7.3,29.0,22.2,0.0,0.0,0.2,0.0,11.1,28.4,6.8,6.6,4.2,12.1
1988-10-01,,0.0,11.0,,0.0,27.6,38.0,39.6,36.9,21.0,,7.9,13.8,12.4,7.3,8.4,13.1,0.0,84.4,25.8,38.0,39.5,0.0,87.0,65.7,215.5,71.5,39.1,41.0,38.8,53.4,0.0,11.0,1.2,0.0,27.6,38.0,39.6,36.9,21.0,65.0
1988-11-01,,3.0,9.2,,47.9,29.7,61.7,50.0,36.9,17.9,,6.6,11.5,10.4,6.1,7.0,10.9,11.0,84.4,25.8,38.0,39.5,10.6,87.0,65.7,128.2,89.3,63.6,41.0,62.9,53.4,3.0,9.2,42.2,47.9,29.7,61.7,50.0,36.9,17.9,81.2
1988-12-01,,20.1,5.6,,109.6,61.8,141.1,106.1,90.7,76.1,,4.0,7.0,6.3,3.7,4.3,6.7,74.0,20.2,63.5,93.4,97.0,70.8,20.9,15.7,175.6,150.0,145.3,100.7,143.9,12.8,20.1,5.6,286.3,109.6,61.8,141.1,106.1,90.7,76.1,136.4
1989-01-01,,53.1,212.8,,135.1,133.7,168.2,197.6,188.1,145.6,,153.2,266.0,240.5,140.4,161.7,253.2,195.4,77.6,131.7,193.7,201.3,186.9,80.0,60.4,76.1,155.5,173.2,208.8,171.6,49.1,53.1,212.8,191.5,135.1,133.7,168.2,197.6,188.1,145.6,141.4
1989-02-01,,23.5,236.8,,106.7,93.9,152.1,191.3,200.3,147.0,,170.5,296.0,267.6,156.3,180.0,281.8,86.5,92.1,140.2,206.3,214.3,82.7,95.0,71.7,226.6,185.9,156.7,222.3,155.1,58.3,23.5,236.8,172.0,106.7,93.9,152.1,191.3,200.3,147.0,169.0
1989-03-01,15.8,30.0,218.9,,78.1,109.7,132.1,200.2,189.3,134.7,,157.6,273.6,247.4,144.5,166.4,260.5,110.4,25.0,132.5,195.0,202.6,105.6,25.8,19.4,166.5,119.7,136.1,210.1,134.7,15.8,30.0,218.9,227.3,78.1,109.7,132.1,200.2,189.3,134.7,108.8
1989-04-01,3.7,16.5,26.3,,0.0,46.5,81.7,85.4,94.0,40.3,,18.9,32.9,29.7,17.4,20.0,31.3,60.7,5.8,65.8,96.8,100.6,58.1,6.0,4.6,35.8,52.3,84.2,104.3,83.3,3.7,16.5,26.3,132.3,0.0,46.5,81.7,85.4,94.0,40.3,47.5
1989-05-01,0.0,0.7,0.0,,0.0,22.5,45.0,0.0,11.2,14.0,,0.0,0.0,0.0,0.0,0.0,0.0,2.6,0.0,7.8,11.5,12.0,2.5,0.0,0.0,1.4,14.9,46.4,12.4,45.9,0.0,0.7,0.0,5.0,0.0,22.5,45.0,0.0,11.2,14.0,13.5
1989-06-01,0.0,0.0,0.0,,0.0,3.7,8.6,0.0,7.7,2.8,,0.0,0.0,0.0,0.0,0.0,0.0,0.0,0.0,5.4,7.9,8.2,0.0,0.0,0.0,0.0,0.0,8.9,8.5,8.8,0.0,0.0,0.0,0.0,0.0,3.7,8.6,0.0,7.7,2.8,0.0
1989-07-01,0.0,0.0,0.0,,0.0,0.0,10.4,0.0,0.0,0.0,,0.0,0.0,0.0,0.0,0.0,0.0,0.0,0.0,0.0,0.0,0.0,0.0,0.0,0.0,0.0,4.6,10.7,0.0,10.6,0.0,0.0,0.0,0.0,0.0,0.0,10.4,0.0,0.0,0.0,4.2
1989-08-01,0.0,0.0,0.0,,0.0,2.0,22.7,0.0,0.0,2.4,,0.0,0.0,0.0,0.0,0.0,0.0,0.0,0.0,0.0,0.0,0.0,0.0,0.0,0.0,0.0,2.6,23.4,0.0,23.2,0.0,0.0,0.0,0.3,0.0,2.0,22.7,0.0,0.0,2.4,2.4
1989-09-01,3.2,0.0,0.0,,0.0,14.7,31.3,18.4,17.4,7.3,,0.0,0.0,0.0,0.0,0.0,0.0,0.0,5.1,12.2,17.9,18.6,0.0,5.2,3.9,0.0,18.5,32.2,19.3,31.9,3.2,0.0,0.0,2.9,0.0,14.7,31.3,18.4,17.4,7.3,16.8
1989-10-01,43.8,2.0,0.8,,136.0,39.5,69.9,62.9,34.8,36.5,,0.6,1.0,0.9,0.5,0.6,1.0,7.4,69.2,24.4,35.8,37.2,7.0,71.4,53.9,0.0,63.7,72.0,38.6,71.3,43.8,2.0,0.8,69.0,136.0,39.5,69.9,62.9,34.8,36.5,57.9
1989-11-01,47.6,0.0,0.0,,107.7,18.4,51.2,20.0,13.3,8.5,,0.0,0.0,0.0,0.0,0.0,0.0,0.0,75.2,9.3,13.7,14.2,0.0,77.6,58.5,22.2,36.2,52.7,14.8,52.2,47.6,0.0,0.0,17.7,107.7,18.4,51.2,20.0,13.3,8.5,32.9
1989-12-01,40.7,0.0,0.0,,19.2,7.6,139.8,45.1,0.0,8.7,,0.0,0.0,0.0,0.0,0.0,0.0,0.0,64.3,0.0,0.0,0.0,0.0,66.3,50.1,26.0,51.7,144.0,0.0,142.6,40.7,0.0,0.0,3.3,19.2,7.6,139.8,45.1,0.0,8.7,47.0
1990-01-01,34.0,30.1,56.0,,37.4,51.4,234.8,94.8,98.8,105.2,,40.3,70.0,63.3,37.0,42.6,66.6,110.8,53.7,69.2,101.8,105.7,106.0,55.4,41.8,61.2,168.5,241.8,109.7,239.5,34.0,30.1,56.0,175.9,37.4,51.4,234.8,94.8,98.8,105.2,153.2
1990-02-01,60.7,6.0,28.2,,11.4,76.0,132.3,98.4,89.3,26.8,,20.3,35.3,31.9,18.6,21.4,33.6,22.1,95.9,62.5,92.0,95.6,21.1,98.9,74.7,36.9,67.7,136.3,99.1,134.9,60.7,6.0,28.2,16.3,11.4,76.0,132.3,98.4,89.3,26.8,61.5
1990-03-01,134.8,16.9,14.6,,77.7,59.4,188.9,102.8,87.7,37.8,,10.5,18.3,16.5,9.6,11.1,17.4,62.2,213.0,61.4,90.3,93.8,59.5,219.7,165.8,75.5,160.4,194.6,97.3,192.7,134.8,16.9,14.6,32.1,77.7,59.4,188.9,102.8,87.7,37.8,145.8
1990-04-01,16.2,4.4,17.8,,0.0,4.4,43.5,0.4,44.6,18.8,,12.8,22.3,20.1,11.7,13.5,21.2,16.2,25.6,31.2,45.9,47.7,15.5,26.4,19.9,36.4,46.6,44.8,49.5,44.4,16.2,4.4,17.8,0.0,0.0,4.4,43.5,0.4,44.6,18.8,42.4
1990-05-01,5.8,0.0,0.0,,0.0,8.5,38.7,0.0,5.3,5.8,,0.0,0.0,0.0,0.0,0.0,0.0,0.0,9.2,3.7,5.5,5.7,0.0,9.5,7.1,4.0,25.2,39.9,5.9,39.5,5.8,0.0,0.0,0.1,0.0,8.5,38.7,0.0,5.3,5.8,22.9
1990-06-01,0.1,0.0,0.0,,0.0,1.0,23.1,2.6,6.0,0.7,,0.0,0.0,0.0,0.0,0.0,0.0,0.0,0.2,4.2,6.2,6.4,0.0,0.2,0.1,5.3,1.7,23.8,6.7,23.6,0.1,0.0,0.0,0.0,0.0,1.0,23.1,2.6,6.0,0.7,1.5
1990-07-01,1.1,0.0,0.0,,0.0,0.0,9.1,0.0,0.0,0.0,,0.0,0.0,0.0,0.0,0.0,0.0,0.0,1.7,0.0,0.0,0.0,0.0,1.8,1.4,0.0,4.5,9.4,0.0,9.3,1.1,0.0,0.0,0.1,0.0,0.0,9.1,0.0,0.0,0.0,4.1
1990-08-01,0.0,0.0,0.0,,0.0,0.0,0.0,1.4,0.0,0.0,,0.0,0.0,0.0,0.0,0.0,0.0,0.0,0.0,0.0,0.0,0.0,0.0,0.0,0.0,0.6,1.4,0.0,0.0,0.0,0.0,0.0,0.0,0.0,0.0,0.0,0.0,1.4,0.0,0.0,1.3
1990-09-01,6.4,0.0,0.0,,56.1,1.5,49.9,2.8,1.8,5.5,,0.0,0.0,0.0,0.0,0.0,0.0,0.0,10.1,1.3,1.9,1.9,0.0,10.4,7.9,10.2,145.6,51.4,2.0,50.9,6.4,0.0,0.0,1.1,56.1,1.5,49.9,2.8,1.8,5.5,132.4
1990-10-01,47.6,13.6,0.0,,131.4,139.0,45.6,125.2,105.7,76.5,,0.0,0.0,0.0,0.0,0.0,0.0,50.0,75.2,74.0,108.9,113.1,47.9,77.6,58.5,30.8,103.4,47.0,117.3,46.5,47.6,13.6,0.0,71.1,131.4,139.0,45.6,125.2,105.7,76.5,94.0
1990-11-01,35.2,0.0,0.0,,154.5,82.7,97.0,136.8,116.8,70.3,,0.0,0.0,0.0,0.0,0.0,0.0,0.0,55.6,81.8,120.3,125.0,0.0,57.4,43.3,35.3,47.2,99.9,129.6,98.9,35.2,0.0,0.0,51.4,154.5,82.7,97.0,136.8,116.8,70.3,42.9
1990-12-01,16.9,16.8,60.2,,75.5,113.3,82.1,15.9,,63.5,,43.3,75.3,68.0,39.7,45.8,71.6,61.8,26.7,12.1,17.8,18.5,59.1,27.5,20.8,26.8,25.9,84.6,19.2,83.7,16.9,16.8,60.2,44.9,75.5,113.3,82.1,15.9,17.3,63.5,23.5
1991-01-01,13.4,2.2,37.5,,83.6,49.1,76.2,124.8,114.4,59.2,,27.0,46.9,42.4,24.8,28.5,44.6,8.1,21.2,80.1,117.8,122.4,7.7,21.8,16.5,138.3,174.8,78.5,127.0,77.7,13.4,2.2,37.5,99.5,83.6,49.1,76.2,124.8,114.4,59.2,158.9
1991-02-01,12.6,13.1,67.2,,65.9,146.2,102.9,62.4,44.4,57.9,,48.4,84.0,75.9,44.4,51.1,80.0,48.2,19.9,31.1,45.7,47.5,46.1,20.5,15.5,197.9,153.6,106.0,49.3,105.0,12.6,13.1,67.2,124.7,65.9,146.2,102.9,62.4,44.4,57.9,139.6
1991-03-01,50.2,48.5,135.6,,124.6,107.4,191.3,186.0,173.0,120.6,,97.6,169.5,153.2,89.5,103.1,161.4,178.5,79.3,121.1,178.2,185.1,170.7,81.8,61.7,227.9,169.8,197.0,192.0,195.1,50.2,48.5,135.6,245.2,124.6,107.4,191.3,186.0,173.0,120.6,154.4
1991-04-01,35.6,1.0,15.7,,16.9,23.1,80.2,56.4,55.3,31.3,,11.3,19.6,17.7,10.4,11.9,18.7,3.7,56.2,38.7,57.0,59.2,3.5,58.0,43.8,163.4,316.9,82.6,61.4,81.8,35.6,1.0,15.7,143.4,16.9,23.1,80.2,56.4,55.3,31.3,288.1
1991-05-01,0.2,0.0,0.0,,0.0,0.9,28.4,0.0,0.0,9.4,,0.0,0.0,0.0,0.0,0.0,0.0,0.0,0.3,0.0,0.0,0.0,0.0,0.3,0.2,1.2,17.2,29.3,0.0,29.0,0.2,0.0,0.0,0.2,0.0,0.9,28.4,0.0,0.0,9.4,15.6
1991-06-01,0.0,0.0,0.0,,0.0,0.0,24.5,0.0,0.0,0.0,,0.0,0.0,0.0,0.0,0.0,0.0,0.0,0.0,0.0,0.0,0.0,0.0,0.0,0.0,0.0,0.1,25.2,0.0,25.0,0.0,0.0,0.0,0.0,0.0,0.0,24.5,0.0,0.0,0.0,0.1
1991-07-01,0.0,0.0,0.0,,0.0,0.0,2.1,0.0,0.0,2.8,,0.0,0.0,0.0,0.0,0.0,0.0,0.0,0.0,0.0,0.0,0.0,0.0,0.0,0.0,0.0,12.0,2.2,0.0,2.1,0.0,0.0,0.0,0.0,0.0,0.0,2.1,0.0,0.0,2.8,10.9
1991-08-01,3.6,0.0,0.0,,0.0,0.0,0.8,0.0,0.0,0.0,,0.0,0.0,0.0,0.0,0.0,0.0,0.0,5.7,0.0,0.0,0.0,0.0,5.9,4.4,0.0,1.7,0.8,0.0,0.8,3.6,0.0,0.0,0.0,0.0,0.0,0.8,0.0,0.0,0.0,1.5
1991-09-01,4.0,0.0,0.0,,0.0,0.0,19.2,0.0,0.0,7.4,,0.0,0.0,0.0,0.0,0.0,0.0,0.0,6.3,0.0,0.0,0.0,0.0,6.5,4.9,14.0,16.0,19.8,0.0,19.6,4.0,0.0,0.0,0.4,0.0,0.0,19.2,0.0,0.0,7.4,14.5
1991-10-01,18.2,14.1,13.1,,32.5,0.0,149.1,0.0,61.0,63.4,,9.4,16.4,14.8,8.6,10.0,15.6,51.9,28.8,42.7,62.8,65.3,49.6,29.7,22.4,124.2,113.3,153.6,67.7,152.1,18.2,14.1,13.1,68.4,32.5,0.0,149.1,0.0,61.0,63.4,103.0
1991-11-01,5.1,3.4,10.1,,19.0,14.3,100.0,,43.0,40.7,,7.3,12.6,11.4,6.7,7.7,12.0,12.5,8.1,30.1,44.3,46.0,12.0,8.3,6.3,123.8,85.3,103.0,47.7,102.0,5.1,3.4,10.1,132.7,19.0,14.3,100.0,20.3,43.0,40.7,77.5
1991-12-01,7.4,4.4,6.0,,45.0,16.8,126.7,,63.0,37.0,,4.3,7.5,6.8,4.0,4.6,7.1,16.2,11.7,44.1,64.9,67.4,15.5,12.1,9.1,383.5,265.9,130.5,69.9,129.2,7.4,4.4,6.0,364.8,45.0,16.8,126.7,163.0,63.0,37.0,241.7
1992-01-01,75.2,0.0,73.8,,42.7,39.5,127.0,,56.1,35.3,,53.1,92.3,83.4,48.7,56.1,87.8,0.0,118.8,39.3,57.8,60.0,0.0,122.6,92.5,200.0,138.6,130.8,62.3,129.5,75.2,0.0,73.8,247.7,42.7,39.5,127.0,57.0,56.1,35.3,126.0
1992-02-01,89.0,1.3,75.2,,84.9,23.8,135.6,,31.3,40.1,,54.1,94.0,85.0,49.6,57.2,89.5,4.8,140.6,21.9,32.2,33.5,4.6,145.1,109.5,197.3,213.5,139.7,34.7,138.3,89.0,1.3,75.2,74.1,84.9,23.8,135.6,32.9,31.3,40.1,194.1
1992-03-01,144.1,15.3,34.5,,70.0,48.7,169.7,,92.1,80.0,,24.8,43.1,39.0,22.8,26.2,41.1,56.3,227.7,64.5,94.9,98.5,53.9,234.9,177.2,254.0,187.8,174.8,102.2,173.1,144.1,15.3,34.5,193.0,70.0,48.7,169.7,77.3,92.1,80.0,170.7
1992-04-01,66.6,1.6,12.1,,52.5,23.5,85.2,,57.6,25.8,,8.7,15.1,13.7,8.0,9.2,14.4,5.9,105.2,40.3,59.3,61.6,5.6,108.6,81.9,171.3,349.4,87.8,63.9,86.9,66.6,1.6,12.1,27.9,52.5,23.5,85.2,31.4,57.6,25.8,317.6
1992-05-01,11.6,0.0,0.0,,0.0,2.6,36.6,,0.0,0.0,,0.0,0.0,0.0,0.0,0.0,0.0,0.0,18.3,0.0,0.0,0.0,0.0,18.9,14.3,70.4,14.4,37.7,0.0,37.3,11.6,0.0,0.0,1.5,0.0,2.6,36.6,3.6,0.0,0.0,13.1
1992-06-01,0.0,0.0,0.0,,0.0,3.4,0.0,,0.0,0.0,,0.0,0.0,0.0,0.0,0.0,0.0,0.0,0.0,0.0,0.0,0.0,0.0,0.0,0.0,2.6,1.5,0.0,0.0,0.0,0.0,0.0,0.0,0.0,0.0,3.4,0.0,0.0,0.0,0.0,1.4
1992-07-01,0.3,0.0,0.0,,0.0,0.0,4.8,,0.0,0.0,,0.0,0.0,0.0,0.0,0.0,0.0,0.0,0.5,0.0,0.0,0.0,0.0,0.5,0.4,2.9,4.3,4.9,0.0,4.9,0.3,0.0,0.0,0.0,0.0,0.0,4.8,0.0,0.0,0.0,3.9
1992-08-01,0.0,0.0,0.0,,0.0,0.4,17.3,,0.0,1.7,,0.0,0.0,0.0,0.0,0.0,0.0,0.0,0.0,0.0,0.0,0.0,0.0,0.0,0.0,1.1,1.2,17.8,0.0,17.6,0.0,0.0,0.0,0.0,0.0,0.4,17.3,0.0,0.0,1.7,1.1
1992-09-01,1.1,0.0,0.0,,19.4,6.6,21.3,,0.0,6.4,,0.0,0.0,0.0,0.0,0.0,0.0,0.0,1.7,0.0,0.0,0.0,0.0,1.8,1.4,64.6,35.2,21.9,0.0,21.7,1.1,0.0,0.0,0.1,19.4,6.6,21.3,10.8,0.0,6.4,32.0
1992-10-01,33.4,3.8,7.2,,36.2,19.9,29.5,,109.2,13.1,,5.2,9.0,8.1,4.8,5.5,8.6,14.0,52.8,76.4,112.5,116.8,13.4,54.4,41.1,13.8,50.4,30.4,121.2,30.1,33.4,3.8,7.2,42.5,36.2,19.9,29.5,86.8,109.2,13.1,45.8
1992-11-01,56.2,0.8,0.3,,37.0,22.8,29.2,,1.5,33.5,,0.2,0.4,0.3,0.2,0.2,0.4,2.9,88.8,1.1,1.5,1.6,2.8,91.6,69.1,88.0,69.4,30.1,1.7,29.8,56.2,0.8,0.3,14.1,37.0,22.8,29.2,33.0,1.5,33.5,63.1
1992-12-01,62.0,1.4,6.7,,57.5,17.3,180.1,,25.3,19.3,,4.8,8.4,7.6,4.4,5.1,8.0,5.2,98.0,17.7,26.1,27.1,4.9,101.1,76.3,74.2,98.5,185.5,28.1,183.7,62.0,1.4,6.7,121.6,57.5,17.3,180.1,44.7,25.3,19.3,89.5
1993-01-01,96.7,20.7,107.8,,132.6,89.2,61.1,,160.9,97.6,,77.6,134.8,121.8,71.1,81.9,128.3,76.2,152.8,112.6,165.7,172.2,72.9,157.6,118.9,113.6,152.8,62.9,178.6,62.3,96.7,20.7,107.8,52.1,132.6,89.2,61.1,104.8,160.9,97.6,138.9
1993-02-01,133.8,26.7,129.9,,132.3,127.7,119.1,,119.8,100.5,,93.5,162.4,146.8,85.7,98.7,154.6,98.3,211.4,83.9,123.4,128.2,94.0,218.1,164.6,54.6,65.2,122.7,133.0,121.5,133.8,26.7,129.9,48.3,132.3,127.7,119.1,85.5,119.8,100.5,59.3
1993-03-01,103.8,33.2,211.7,,221.8,147.0,96.6,,154.6,118.4,,152.4,264.6,239.2,139.7,160.9,251.9,122.2,164.0,108.2,159.2,165.4,116.9,169.2,127.7,217.2,97.6,99.5,171.6,98.5,103.8,33.2,211.7,194.8,221.8,147.0,96.6,203.6,154.6,118.4,88.7
1993-04-01,36.6,4.7,103.4,,39.8,105.4,42.8,,120.0,72.7,,74.4,129.3,116.8,68.2,78.6,123.0,17.3,57.8,84.0,123.6,128.4,16.5,59.7,45.0,92.1,114.7,44.1,133.2,43.7,36.6,4.7,103.4,88.8,39.8,105.4,42.8,123.7,120.0,72.7,104.3
1993-05-01,8.2,1.0,8.1,,0.0,0.8,8.5,,34.6,18.2,,5.8,10.1,9.2,5.3,6.2,9.6,3.7,13.0,24.2,35.6,37.0,3.5,13.4,10.1,14.0,12.9,8.8,38.4,8.7,8.2,1.0,8.1,0.6,0.0,0.8,8.5,0.8,34.6,18.2,11.7
1993-06-01,0.0,0.0,0.0,,0.0,0.0,34.5,,0.0,0.0,,0.0,0.0,0.0,0.0,0.0,0.0,0.0,0.0,0.0,0.0,0.0,0.0,0.0,0.0,7.9,23.7,35.5,0.0,35.2,0.0,0.0,0.0,0.0,0.0,0.0,34.5,0.0,0.0,0.0,21.5
1993-07-01,0.0,0.0,0.0,,0.0,0.0,0.0,,0.0,0.0,,0.0,0.0,0.0,0.0,0.0,0.0,0.0,0.0,0.0,0.0,0.0,0.0,0.0,0.0,1.9,3.0,0.0,0.0,0.0,0.0,0.0,0.0,0.1,0.0,0.0,0.0,0.0,0.0,0.0,2.7
1993-08-01,0.0,0.0,0.3,,0.0,0.0,3.7,,0.0,0.0,,0.2,0.4,0.3,0.2,0.2,0.4,0.0,0.0,0.0,0.0,0.0,0.0,0.0,0.0,6.8,1.7,3.8,0.0,3.8,0.0,0.0,0.3,0.1,0.0,0.0,3.7,0.2,0.0,0.0,1.5
1993-09-01,11.3,0.0,0.0,,36.5,9.0,71.3,,15.0,12.5,,0.0,0.0,0.0,0.0,0.0,0.0,0.0,17.9,10.5,15.5,16.1,0.0,18.4,13.9,11.3,69.9,73.4,16.7,72.7,11.3,0.0,0.0,5.6,36.5,9.0,71.3,16.1,15.0,12.5,63.5
1993-10-01,0.0,6.2,40.3,,81.3,80.1,113.0,,93.2,69.9,,29.0,50.4,45.5,26.6,30.6,48.0,22.8,0.0,65.2,96.0,99.7,21.8,0.0,0.0,67.0,155.2,116.4,103.5,115.3,0.0,6.2,40.3,100.8,81.3,80.1,113.0,55.2,93.2,69.9,141.1
1993-11-01,19.1,9.7,55.9,,62.2,79.9,104.8,,151.5,99.9,,40.2,69.9,63.2,36.9,42.5,66.5,35.7,30.2,106.1,156.0,162.1,34.1,31.1,23.5,76.6,88.9,107.9,168.2,106.9,19.1,9.7,55.9,32.3,62.2,79.9,104.8,100.1,151.5,99.9,80.8
1993-12-01,42.7,10.4,92.1,,119.4,247.4,117.3,,126.7,104.0,,66.3,115.1,104.1,60.8,70.0,109.6,38.3,67.5,88.7,130.5,135.6,36.6,69.6,52.5,132.5,117.9,120.8,140.6,119.6,42.7,10.4,92.1,44.4,119.4,247.4,117.3,151.4,126.7,104.0,107.2
1994-01-01,46.5,27.1,136.9,,166.6,129.0,86.3,,128.0,100.9,,98.6,171.1,154.7,90.4,104.0,162.9,99.7,73.5,89.6,131.8,137.0,95.4,75.8,57.2,188.9,152.5,88.9,142.1,88.0,46.5,27.1,136.9,96.5,166.6,129.0,86.3,125.2,128.0,100.9,138.6
1994-02-01,33.9,39.1,185.3,,150.9,127.3,69.0,,217.9,130.2,,133.4,231.6,209.4,122.3,140.8,220.5,143.9,53.6,152.5,224.4,233.2,137.6,55.3,41.7,149.4,105.9,71.1,241.9,70.4,33.9,39.1,185.3,102.0,150.9,127.3,69.0,232.9,217.9,130.2,96.3
1994-03-01,67.6,18.9,115.4,,168.4,163.9,113.6,,172.4,130.1,,83.1,144.3,130.4,76.2,87.7,137.3,69.6,106.8,120.7,177.6,184.5,66.5,110.2,83.1,193.8,109.1,117.0,191.4,115.9,67.6,18.9,115.4,167.1,168.4,163.9,113.6,252.0,172.4,130.1,99.2
1994-04-01,39.3,18.3,57.0,,32.3,110.5,66.3,,57.9,61.6,,41.0,71.3,64.4,37.6,43.3,67.8,67.3,62.1,40.5,59.6,62.0,64.4,64.1,48.3,90.2,55.7,68.3,64.3,67.6,39.3,18.3,57.0,5.1,32.3,110.5,66.3,20.2,57.9,61.6,50.6
1994-05-01,2.3,0.7,0.0,,0.0,45.4,21.6,,30.4,14.0,,0.0,0.0,0.0,0.0,0.0,0.0,2.6,3.6,21.3,31.3,32.5,2.5,3.7,2.8,6.0,15.4,22.2,33.7,22.0,2.3,0.7,0.0,1.4,0.0,45.4,21.6,0.3,30.4,14.0,14.0
1994-06-01,0.0,0.0,0.0,,0.0,1.7,0.0,,0.0,0.0,,0.0,0.0,0.0,0.0,0.0,0.0,0.0,0.0,0.0,0.0,0.0,0.0,0.0,0.0,0.0,0.0,0.0,0.0,0.0,0.0,0.0,0.0,0.0,0.0,1.7,0.0,0.0,0.0,0.0,0.0
1994-07-01,0.0,0.0,0.0,,0.0,1.9,0.0,,0.0,0.7,,0.0,0.0,0.0,0.0,0.0,0.0,0.0,0.0,0.0,0.0,0.0,0.0,0.0,0.0,0.0,9.5,0.0,0.0,0.0,0.0,0.0,0.0,0.0,0.0,1.9,0.0,0.0,0.0,0.7,8.6
1994-08-01,0.0,0.0,0.0,,0.0,0.7,19.7,,0.0,0.0,,0.0,0.0,0.0,0.0,0.0,0.0,0.0,0.0,0.0,0.0,0.0,0.0,0.0,0.0,3.1,1.3,20.3,0.0,20.1,0.0,0.0,0.0,0.6,0.0,0.7,19.7,0.0,0.0,0.0,1.2
1994-09-01,0.5,0.0,13.8,,0.0,41.7,17.4,,11.4,9.4,,9.9,17.3,15.6,9.1,10.5,16.4,0.0,0.8,8.0,11.7,12.2,0.0,0.8,0.6,9.5,14.5,17.9,12.7,17.7,0.5,0.0,13.8,3.0,0.0,41.7,17.4,1.7,11.4,9.4,13.2
1994-10-01,6.6,0.1,0.0,,33.3,8.9,75.7,,7.4,7.1,,0.0,0.0,0.0,0.0,0.0,0.0,0.4,10.4,5.2,7.6,7.9,0.4,10.8,8.1,41.1,128.9,78.0,8.2,77.2,6.6,0.1,0.0,41.6,33.3,8.9,75.7,1.0,7.4,7.1,117.2
1994-11-01,37.3,0.0,10.4,,22.5,56.8,29.8,,5.8,40.3,,7.5,13.0,11.8,6.9,7.9,12.4,0.0,58.9,4.1,6.0,6.2,0.0,60.8,45.9,33.2,51.7,30.7,6.4,30.4,37.3,0.0,10.4,8.4,22.5,56.8,29.8,8.4,5.8,40.3,47.0
1994-12-01,59.5,10.1,74.4,,89.2,47.9,105.2,,53.8,65.9,,53.6,93.0,84.1,49.1,56.5,88.5,37.2,94.0,37.7,55.4,57.6,35.6,97.0,73.2,95.8,83.7,108.4,59.7,107.3,59.5,10.1,74.4,12.4,89.2,47.9,105.2,98.5,53.8,65.9,76.1
1995-01-01,99.3,22.7,79.7,,135.4,73.3,64.4,,81.6,74.3,,57.4,99.6,90.1,52.6,60.6,94.8,83.5,156.9,57.1,84.0,87.3,79.9,161.9,122.1,136.9,119.6,66.3,90.6,65.7,99.3,22.7,79.7,8.3,135.4,73.3,64.4,52.2,81.6,74.3,108.7
1995-02-01,126.0,4.8,63.6,,112.1,35.2,103.3,,38.4,31.5,,45.8,79.5,71.9,42.0,48.3,75.7,17.7,199.1,26.9,39.6,41.1,16.9,205.4,155.0,179.3,133.8,106.4,42.6,105.4,126.0,4.8,63.6,42.1,112.1,35.2,103.3,0.2,38.4,31.5,121.6
1995-03-01,105.1,14.2,105.9,,69.9,140.1,196.1,,149.3,79.9,,76.2,132.4,119.7,69.9,80.5,126.0,52.3,166.1,104.5,153.8,159.8,50.0,171.3,129.3,62.8,128.9,202.0,165.7,200.0,105.1,14.2,105.9,199.8,69.9,140.1,196.1,59.7,149.3,79.9,117.2
1995-04-01,27.8,7.0,84.0,,75.4,59.4,88.7,,54.1,46.5,,60.5,105.0,94.9,55.4,63.8,100.0,25.8,43.9,37.9,55.7,57.9,24.6,45.3,34.2,41.5,55.6,91.4,60.1,90.5,27.8,7.0,84.0,124.3,75.4,59.4,88.7,46.0,54.1,46.5,50.5
1995-05-01,0.0,1.2,13.3,,0.0,9.0,4.8,,6.9,8.6,,9.6,16.6,15.0,8.8,10.1,15.8,4.4,0.0,4.8,7.1,7.4,4.2,0.0,0.0,0.0,11.8,4.9,7.7,4.9,0.0,1.2,13.3,0.3,0.0,9.0,4.8,0.0,6.9,8.6,10.7
1995-06-01,0.0,0.0,0.0,,0.0,5.1,5.7,,0.0,0.0,,0.0,0.0,0.0,0.0,0.0,0.0,0.0,0.0,0.0,0.0,0.0,0.0,0.0,0.0,0.0,0.0,5.9,0.0,5.8,0.0,0.0,0.0,0.0,0.0,5.1,5.7,0.0,0.0,0.0,0.0
1995-07-01,0.0,0.0,0.0,,0.0,1.2,0.0,,8.3,3.4,,0.0,0.0,0.0,0.0,0.0,0.0,0.0,0.0,5.8,8.5,8.9,0.0,0.0,0.0,0.0,8.6,0.0,9.2,0.0,0.0,0.0,0.0,0.0,0.0,1.2,0.0,0.0,8.3,3.4,7.8
1995-08-01,0.0,0.0,0.0,,0.0,4.4,11.5,,0.0,0.0,,0.0,0.0,0.0,0.0,0.0,0.0,0.0,0.0,0.0,0.0,0.0,0.0,0.0,0.0,0.0,1.1,11.8,0.0,11.7,0.0,0.0,0.0,0.6,0.0,4.4,11.5,1.2,0.0,0.0,1.0
1995-09-01,0.4,0.0,0.0,,0.0,7.3,26.4,,3.1,4.6,,0.0,0.0,0.0,0.0,0.0,0.0,0.0,0.6,2.2,3.2,3.3,0.0,0.7,0.5,21.7,8.7,27.2,3.4,26.9,0.4,0.0,0.0,0.1,0.0,7.3,26.4,10.8,3.1,4.6,7.9
1995-10-01,12.7,0.9,25.4,,0.0,43.2,77.5,,28.8,32.2,,18.3,31.8,28.7,16.8,19.3,30.2,3.3,20.1,20.2,29.7,30.8,3.2,20.7,15.6,37.5,40.4,79.8,32.0,79.1,12.7,0.9,25.4,9.0,0.0,43.2,77.5,4.1,28.8,32.2,36.7
1995-11-01,13.7,15.2,67.9,,53.8,49.4,117.8,,97.5,63.9,,48.9,84.9,76.7,44.8,51.6,80.8,55.9,21.6,68.3,100.4,104.3,53.5,22.3,16.9,99.8,88.2,121.3,108.2,120.2,13.7,15.2,67.9,56.0,53.8,49.4,117.8,34.7,97.5,63.9,80.2
1995-12-01,43.5,19.0,57.7,,128.8,85.5,110.9,,49.4,74.3,,41.5,72.1,65.2,38.1,43.9,68.7,69.9,68.7,34.6,50.9,52.9,66.9,70.9,53.5,194.2,183.4,114.2,54.8,113.1,43.5,19.0,57.7,111.4,128.8,85.5,110.9,142.8,49.4,74.3,166.7
1996-01-01,66.9,37.0,110.1,,92.2,121.9,115.9,,150.1,92.6,,79.3,137.6,124.4,72.7,83.7,131.0,136.2,105.7,105.1,154.6,160.6,130.2,109.0,82.3,276.1,159.1,119.4,166.6,118.2,66.9,37.0,110.1,150.2,92.2,121.9,115.9,211.2,150.1,92.6,144.6
1996-02-01,78.3,37.9,154.4,,161.5,96.4,83.0,,137.5,139.7,,111.2,193.0,174.5,101.9,117.3,183.7,139.5,123.7,96.3,141.6,147.1,133.4,127.6,96.3,174.1,82.3,85.5,152.6,84.7,78.3,37.9,154.4,154.3,161.5,96.4,83.0,187.2,137.5,139.7,74.8
1996-03-01,16.7,55.3,174.2,,103.4,125.0,220.9,,232.3,119.1,,125.4,217.8,196.8,115.0,132.4,207.3,203.5,26.4,162.6,239.3,248.6,194.7,27.2,20.5,191.1,207.0,227.5,257.9,225.3,16.7,55.3,174.2,225.7,103.4,125.0,220.9,248.8,232.3,119.1,188.2
1996-04-01,0.0,15.2,38.5,,82.7,58.2,74.2,,96.1,71.2,,27.7,48.1,43.5,25.4,29.3,45.8,55.9,0.0,67.3,99.0,102.8,53.5,0.0,0.0,32.4,50.8,76.4,106.7,75.7,0.0,15.2,38.5,27.5,82.7,58.2,74.2,52.7,96.1,71.2,46.2
1996-05-01,0.0,0.0,0.0,,14.8,3.9,47.9,,1.8,3.5,,0.0,0.0,0.0,0.0,0.0,0.0,0.0,0.0,1.3,1.9,1.9,0.0,0.0,0.0,3.1,3.4,49.3,2.0,48.9,0.0,0.0,0.0,0.1,14.8,3.9,47.9,0.1,1.8,3.5,3.1
1996-06-01,0.0,0.0,0.0,,4.3,0.0,4.5,,0.0,0.0,,0.0,0.0,0.0,0.0,0.0,0.0,0.0,0.0,0.0,0.0,0.0,0.0,0.0,0.0,3.9,2.5,4.6,0.0,4.6,0.0,0.0,0.0,0.0,4.3,0.0,4.5,0.0,0.0,0.0,2.3
1996-07-01,0.0,0.0,0.0,,0.0,0.0,0.0,,0.0,0.0,,0.0,0.0,0.0,0.0,0.0,0.0,0.0,0.0,0.0,0.0,0.0,0.0,0.0,0.0,0.0,2.5,0.0,0.0,0.0,0.0,0.0,0.0,0.0,0.0,0.0,0.0,0.0,0.0,0.0,2.3
1996-08-01,0.0,0.0,0.0,,3.3,2.0,0.0,,0.0,0.0,,0.0,0.0,0.0,0.0,0.0,0.0,0.0,0.0,0.0,0.0,0.0,0.0,0.0,0.0,0.0,6.9,0.0,0.0,0.0,0.0,0.0,0.0,0.0,3.3,2.0,0.0,2.6,0.0,0.0,6.3
1996-09-01,0.7,0.0,0.0,,1.7,6.1,11.0,,0.0,0.0,,0.0,0.0,0.0,0.0,0.0,0.0,0.0,1.1,0.0,0.0,0.0,0.0,1.1,0.9,18.4,45.8,11.3,0.0,11.2,0.7,0.0,0.0,0.0,1.7,6.1,11.0,0.0,0.0,0.0,41.6
1996-10-01,13.8,2.8,10.9,,7.0,26.5,142.1,,27.6,20.9,,7.8,13.6,12.3,7.2,8.3,13.0,10.3,21.8,19.3,28.4,29.5,9.9,22.5,17.0,90.7,145.2,146.4,30.6,144.9,13.8,2.8,10.9,42.9,7.0,26.5,142.1,10.7,27.6,20.9,132.0
1996-11-01,42.3,1.3,6.0,,12.6,21.4,61.2,,0.0,16.9,,4.3,7.5,6.8,4.0,4.6,7.1,4.8,66.8,0.0,0.0,0.0,4.6,68.9,52.0,52.1,47.0,63.0,0.0,62.4,42.3,1.3,6.0,41.5,12.6,21.4,61.2,33.1,0.0,16.9,42.7
1996-12-01,107.7,20.3,42.3,,76.4,61.8,69.0,,23.6,70.7,,30.5,52.9,47.8,27.9,32.1,50.3,74.7,170.2,16.5,24.3,25.3,71.5,175.6,132.5,49.6,32.2,71.1,26.2,70.4,107.7,20.3,42.3,35.3,76.4,61.8,69.0,32.6,23.6,70.7,29.3
1997-01-01,185.1,18.0,94.4,,45.3,88.3,166.1,,53.8,82.5,,68.0,118.0,106.7,62.3,71.7,112.3,66.2,292.5,37.7,55.4,57.6,63.4,301.7,227.7,157.5,174.7,171.1,59.7,169.4,185.1,18.0,94.4,158.1,45.3,88.3,166.1,201.4,53.8,82.5,158.8
1997-02-01,122.8,19.7,135.5,,256.9,115.7,115.6,,109.4,96.5,,97.6,169.4,153.1,89.4,103.0,161.2,72.5,194.0,76.6,112.7,117.1,69.3,200.2,151.0,299.5,212.6,119.1,121.4,117.9,122.8,19.7,135.5,218.9,256.9,115.7,115.6,126.1,109.4,96.5,193.3
1997-03-01,70.9,4.3,65.8,,58.0,40.5,65.7,,53.7,44.2,,47.4,82.3,74.4,43.4,50.0,78.3,15.8,112.0,37.6,55.3,57.5,15.1,115.6,87.2,132.8,76.2,67.7,59.6,67.0,70.9,4.3,65.8,85.1,58.0,40.5,65.7,59.5,53.7,44.2,69.3
1997-04-01,12.6,0.9,46.3,,39.7,26.8,26.9,,48.3,6.4,,33.3,57.9,52.3,30.6,35.2,55.1,3.3,19.9,33.8,49.7,51.7,3.2,20.5,15.5,81.5,71.2,27.7,53.6,27.4,12.6,0.9,46.3,18.9,39.7,26.8,26.9,9.1,48.3,6.4,64.7
1997-05-01,0.0,0.0,0.0,,0.0,0.0,6.9,,0.0,0.0,,0.0,0.0,0.0,0.0,0.0,0.0,0.0,0.0,0.0,0.0,0.0,0.0,0.0,0.0,59.7,15.6,7.1,0.0,7.0,0.0,0.0,0.0,1.1,0.0,0.0,6.9,0.3,0.0,0.0,14.2
1997-06-01,0.0,0.0,0.0,,0.0,0.0,6.0,,0.0,0.0,,0.0,0.0,0.0,0.0,0.0,0.0,0.0,0.0,0.0,0.0,0.0,0.0,0.0,0.0,0.0,0.0,6.2,0.0,6.1,0.0,0.0,0.0,1.3,0.0,0.0,6.0,0.0,0.0,0.0,0.0
1997-07-01,0.0,0.0,0.0,,0.0,0.0,11.5,,0.0,0.0,,0.0,0.0,0.0,0.0,0.0,0.0,0.0,0.0,0.0,0.0,0.0,0.0,0.0,0.0,6.5,6.6,11.8,0.0,11.7,0.0,0.0,0.0,0.1,0.0,0.0,11.5,0.1,0.0,0.0,6.0
1997-08-01,0.0,0.0,0.3,,0.0,0.0,4.3,,0.0,0.6,,0.2,0.4,0.3,0.2,0.2,0.4,0.0,0.0,0.0,0.0,0.0,0.0,0.0,0.0,0.0,1.1,4.4,0.0,4.4,0.0,0.0,0.3,0.1,0.0,0.0,4.3,0.1,0.0,0.6,1.0
1997-09-01,0.0,0.0,3.9,,20.2,14.0,25.7,,13.0,12.0,,2.8,4.9,4.4,2.6,3.0,4.6,0.0,0.0,9.1,13.4,13.9,0.0,0.0,0.0,49.4,45.7,26.5,14.4,26.2,0.0,0.0,3.9,0.1,20.2,14.0,25.7,0.5,13.0,12.0,41.5
1997-10-01,27.2,3.2,9.2,,70.3,24.2,106.6,,6.5,13.4,,6.6,11.5,10.4,6.1,7.0,10.9,11.8,43.0,4.6,6.7,7.0,11.3,44.3,33.5,88.5,98.6,109.8,7.2,108.7,27.2,3.2,9.2,49.1,70.3,24.2,106.6,35.6,6.5,13.4,89.6
1997-11-01,13.7,4.7,62.0,,69.4,64.4,39.2,,83.5,45.4,,44.6,77.5,70.1,40.9,47.1,73.8,17.3,21.6,58.5,86.0,89.3,16.5,22.3,16.9,78.0,76.8,40.4,92.7,40.0,13.7,4.7,62.0,50.1,69.4,64.4,39.2,44.0,83.5,45.4,69.8
1997-12-01,27.6,43.3,181.4,,362.4,125.3,87.2,,197.4,116.2,,130.6,226.8,205.0,119.7,137.9,215.9,159.3,43.6,138.2,203.3,211.2,152.4,45.0,33.9,119.2,81.8,89.8,219.1,88.9,27.6,43.3,181.4,250.4,362.4,125.3,87.2,161.8,197.4,116.2,74.4
1998-01-01,87.2,66.5,259.2,,506.0,178.1,,,216.2,140.0,,186.6,324.0,292.9,171.1,197.0,308.4,244.7,137.8,151.3,222.7,231.3,234.1,142.1,107.3,186.9,124.2,107.7,240.0,106.7,87.2,66.5,259.2,117.5,506.0,178.1,104.6,244.1,216.2,140.0,112.9
1998-02-01,187.2,45.0,236.4,,335.1,112.3,,,115.0,83.7,,170.2,295.5,267.1,156.0,179.7,281.3,165.6,295.8,80.5,118.5,123.1,158.4,305.1,230.3,192.2,181.7,193.3,127.7,191.5,187.2,45.0,236.4,170.5,335.1,112.3,187.7,72.1,115.0,83.7,165.2
1998-03-01,102.2,88.9,308.0,,227.5,123.3,,,284.0,133.2,,221.8,385.0,348.0,203.3,234.1,366.5,327.2,161.5,198.8,292.5,303.9,312.9,166.6,125.7,162.6,166.9,157.6,315.2,156.1,102.2,88.9,308.0,268.3,227.5,123.3,153.0,217.4,284.0,133.2,151.7
1998-04-01,31.1,0.7,66.5,,72.3,20.9,,,61.1,41.6,,47.9,83.1,75.1,43.9,50.5,79.1,2.6,49.1,42.8,62.9,65.4,2.5,50.7,38.3,98.3,87.6,50.6,67.8,50.1,31.1,0.7,66.5,168.0,72.3,20.9,49.1,104.5,61.1,41.6,79.6
1998-05-01,7.0,0.0,0.0,,0.0,2.0,,,0.0,0.0,,0.0,0.0,0.0,0.0,0.0,0.0,0.0,11.1,0.0,0.0,0.0,0.0,11.4,8.6,55.6,14.6,7.6,0.0,7.5,7.0,0.0,0.0,0.0,0.0,2.0,7.4,16.6,0.0,0.0,13.3
1998-06-01,0.6,0.0,0.5,,0.0,2.5,,,0.0,5.2,,0.4,0.6,0.6,0.3,0.4,0.6,0.0,0.9,0.0,0.0,0.0,0.0,1.0,0.7,0.0,0.0,2.0,0.0,1.9,0.6,0.0,0.5,0.0,0.0,2.5,1.9,0.1,0.0,5.2,0.0
1998-07-01,0.0,0.0,0.0,,0.0,0.0,,,0.0,0.0,,0.0,0.0,0.0,0.0,0.0,0.0,0.0,0.0,0.0,0.0,0.0,0.0,0.0,0.0,4.2,4.4,46.9,0.0,46.4,0.0,0.0,0.0,0.0,0.0,0.0,45.5,0.1,0.0,0.0,4.0
1998-08-01,0.0,0.0,0.0,,0.0,0.0,,,0.0,0.0,,0.0,0.0,0.0,0.0,0.0,0.0,0.0,0.0,0.0,0.0,0.0,0.0,0.0,0.0,7.0,1.7,14.3,0.0,14.2,0.0,0.0,0.0,0.0,0.0,0.0,13.9,0.1,0.0,0.0,1.5
1998-09-01,0.8,0.0,1.2,,21.3,11.9,,,,10.0,,0.9,1.5,1.4,0.8,0.9,1.4,0.0,1.3,5.6,8.2,8.6,0.0,1.3,1.0,40.9,71.8,24.5,8.9,24.3,0.8,0.0,1.2,0.8,21.3,11.9,23.8,0.2,8.0,10.0,65.3
1998-10-01,34.1,2.6,13.7,,48.1,58.5,,,54.3,24.6,,9.9,17.1,15.5,9.0,10.4,16.3,9.6,53.9,38.0,55.9,58.1,9.2,55.6,41.9,93.2,108.1,140.3,60.3,138.9,34.1,2.6,13.7,57.5,48.1,58.5,136.2,61.1,54.3,24.6,98.3
1998-11-01,6.6,0.0,1.5,,45.5,33.6,,,53.2,34.5,,1.1,1.9,1.7,1.0,1.1,1.8,0.0,10.4,37.2,54.8,56.9,0.0,10.8,8.1,45.7,54.5,80.6,59.1,79.9,6.6,0.0,1.5,64.0,45.5,33.6,78.3,99.9,53.2,34.5,49.5
1998-12-01,26.2,8.2,38.9,,147.3,32.0,,,69.1,43.2,,28.0,48.6,44.0,25.7,29.6,46.3,30.2,41.4,48.4,71.2,73.9,28.9,42.7,32.2,209.4,109.2,174.5,76.7,172.8,26.2,8.2,38.9,116.8,147.3,32.0,169.4,58.1,69.1,43.2,99.3
1999-01-01,107.4,35.6,102.5,,231.0,101.6,,,119.8,92.9,,73.8,128.1,115.8,67.7,77.9,122.0,131.0,169.7,83.9,123.4,128.2,125.3,175.1,132.1,222.1,148.8,124.6,133.0,123.4,107.4,35.6,102.5,120.4,231.0,101.6,121.0,116.2,119.8,92.9,135.3
1999-02-01,108.8,88.3,314.1,,340.0,193.2,,,237.6,200.6,,226.2,392.6,354.9,207.3,238.7,373.8,324.9,171.9,166.3,244.7,254.2,310.8,177.3,133.8,134.9,93.3,155.0,263.7,153.5,108.8,88.3,314.1,176.3,340.0,193.2,150.5,232.9,237.6,200.6,84.8
1999-03-01,99.3,13.3,165.8,,99.5,85.7,,,186.9,105.1,,119.4,207.3,187.4,109.4,126.0,197.3,48.9,156.9,130.8,192.5,200.0,46.8,161.9,122.1,232.3,145.0,147.3,207.5,145.9,99.3,13.3,165.8,133.5,99.5,85.7,143.0,259.2,186.9,105.1,131.8
1999-04-01,53.2,12.6,68.4,,112.0,52.6,,,84.4,56.0,,49.2,85.5,77.3,45.1,52.0,81.4,46.4,84.1,59.1,86.9,90.3,44.4,86.7,65.4,52.5,45.4,74.8,93.7,74.1,53.2,12.6,68.4,26.2,112.0,52.6,72.6,17.1,84.4,56.0,41.3
1999-05-01,21.0,13.4,55.7,,63.7,38.5,,,62.6,40.9,,40.1,69.6,62.9,36.8,42.3,66.3,49.3,33.2,43.8,64.5,67.0,47.2,34.2,25.8,15.3,3.2,53.0,69.5,52.5,21.0,13.4,55.7,0.0,63.7,38.5,51.5,0.0,62.6,40.9,2.9
1999-06-01,0.0,0.0,0.0,,0.0,0.0,,,0.0,3.0,,0.0,0.0,0.0,0.0,0.0,0.0,0.0,0.0,0.0,0.0,0.0,0.0,0.0,0.0,11.6,11.8,11.8,0.0,11.7,0.0,0.0,0.0,0.1,0.0,0.0,11.5,0.0,0.0,3.0,10.7
1999-07-01,0.0,0.0,0.0,,0.0,4.2,,,0.0,0.0,,0.0,0.0,0.0,0.0,0.0,0.0,0.0,0.0,0.0,0.0,0.0,0.0,0.0,0.0,0.0,3.5,0.1,0.0,0.1,0.0,0.0,0.0,0.0,0.0,4.2,0.1,0.0,0.0,0.0,3.2
1999-08-01,0.0,0.0,0.0,,0.0,0.0,,,0.0,0.0,,0.0,0.0,0.0,0.0,0.0,0.0,0.0,0.0,0.0,0.0,0.0,0.0,0.0,0.0,0.0,1.3,2.8,0.0,2.8,0.0,0.0,0.0,0.0,0.0,0.0,2.7,0.0,0.0,0.0,1.2
1999-09-01,0.5,0.0,4.0,,0.0,31.9,,,33.7,21.9,,2.9,5.0,4.5,2.6,3.0,4.8,0.0,0.8,23.6,34.7,36.1,0.0,0.8,0.6,40.9,11.9,51.3,37.4,50.8,0.5,0.0,4.0,36.5,0.0,31.9,49.8,22.1,33.7,21.9,10.8
1999-10-01,7.6,3.3,19.5,,95.6,57.1,,,50.1,37.2,,14.0,24.4,22.0,12.9,14.8,23.2,12.1,12.0,35.1,51.6,53.6,11.6,12.4,9.3,55.2,108.7,53.3,55.6,52.7,7.6,3.3,19.5,77.5,95.6,57.1,51.7,14.4,50.1,37.2,98.8
1999-11-01,14.8,0.5,19.0,,156.8,50.3,,,56.3,17.8,,13.7,23.8,21.5,12.5,14.4,22.6,1.8,23.4,39.4,58.0,60.2,1.8,24.1,18.2,162.6,121.3,47.3,62.5,46.8,14.8,0.5,19.0,7.4,156.8,50.3,45.9,40.5,56.3,17.8,110.3
1999-12-01,132.2,3.2,58.9,,174.5,76.9,,,108.8,95.7,,42.4,73.6,66.6,38.9,44.8,70.1,11.8,208.9,76.2,112.1,116.4,11.3,215.5,162.6,102.3,248.7,160.8,120.8,159.2,132.2,3.2,58.9,104.9,174.5,76.9,156.1,153.0,108.8,95.7,226.1
2000-01-01,169.7,25.5,142.6,,300.1,120.6,,,284.0,65.5,,102.7,178.3,161.1,94.1,108.4,169.7,93.8,268.1,198.8,292.5,303.9,89.8,276.6,208.7,142.6,159.1,93.6,315.2,92.7,169.7,25.5,142.6,216.9,300.1,120.6,90.9,148.8,284.0,65.5,144.6
2000-02-01,70.8,42.0,199.0,,124.4,124.0,,,307.6,83.9,,143.3,248.8,224.9,131.3,151.2,236.8,154.6,111.9,215.3,316.8,329.1,147.8,115.4,87.1,100.9,115.4,163.3,341.4,161.7,70.8,42.0,199.0,108.5,124.4,124.0,158.5,232.9,307.6,83.9,104.9
2000-03-01,143.5,32.2,154.6,,189.8,104.9,,,240.6,66.3,,111.3,193.3,174.7,102.0,117.5,184.0,118.5,226.7,168.4,247.8,257.4,113.3,233.9,176.5,150.2,125.4,162.4,267.1,160.9,143.5,32.2,154.6,110.5,189.8,104.9,157.7,157.0,240.6,66.3,114.0
2000-04-01,36.0,9.4,58.3,,75.8,63.4,,,83.2,35.4,,42.0,72.9,65.9,38.5,44.3,69.4,34.6,56.9,58.2,85.7,89.0,33.1,58.7,44.3,70.5,42.1,107.2,92.4,106.2,36.0,9.4,58.3,12.4,75.8,63.4,104.1,48.8,83.2,35.4,38.3
2000-05-01,6.2,0.0,29.2,,0.0,35.9,,,46.9,21.0,,21.0,36.5,33.0,19.3,22.2,34.7,0.0,9.8,32.8,48.3,50.2,0.0,10.1,7.6,13.3,9.9,27.4,52.1,27.1,6.2,0.0,29.2,0.8,0.0,35.9,26.6,0.1,46.9,21.0,9.0
2000-06-01,0.0,0.0,0.0,,0.0,0.0,,,0.0,0.0,,0.0,0.0,0.0,0.0,0.0,0.0,0.0,0.0,0.0,0.0,0.0,0.0,0.0,0.0,3.3,1.5,0.2,0.0,0.2,0.0,0.0,0.0,0.0,0.0,0.0,0.2,0.0,0.0,0.0,1.4
2000-07-01,0.0,0.0,0.0,,0.0,2.7,,,0.0,0.0,,0.0,0.0,0.0,0.0,0.0,0.0,0.0,0.0,0.0,0.0,0.0,0.0,0.0,0.0,0.0,4.7,2.3,0.0,2.2,0.0,0.0,0.0,0.7,0.0,2.7,2.2,0.0,0.0,0.0,4.3
2000-08-01,0.0,0.0,0.0,,0.0,4.5,,,0.0,0.0,,0.0,0.0,0.0,0.0,0.0,0.0,0.0,0.0,0.0,0.0,0.0,0.0,0.0,0.0,3.3,1.3,6.0,0.0,5.9,0.0,0.0,0.0,0.4,0.0,4.5,5.8,0.0,0.0,0.0,1.2
2000-09-01,1.0,0.0,3.9,,12.5,26.4,,,30.1,7.5,,2.8,4.9,4.4,2.6,3.0,4.6,0.0,1.6,21.1,31.0,32.2,0.0,1.6,1.2,26.7,39.2,22.9,33.4,22.6,1.0,0.0,3.9,4.3,12.5,26.4,22.2,67.5,30.1,7.5,35.6
2000-10-01,12.9,0.0,19.9,,0.0,60.1,,,50.1,5.9,,14.3,24.9,22.5,13.1,15.1,23.7,0.0,20.4,35.1,51.6,53.6,0.0,21.0,15.9,113.9,71.5,77.8,55.6,77.0,12.9,0.0,19.9,15.0,0.0,60.1,75.5,11.7,50.1,5.9,65.0
2000-11-01,67.2,0.5,14.1,,62.1,29.5,,,61.4,12.0,,10.2,17.6,15.9,9.3,10.7,16.8,1.8,106.2,43.0,63.2,65.7,1.8,109.5,82.7,114.5,96.1,84.9,68.2,84.0,67.2,0.5,14.1,24.5,62.1,29.5,82.4,24.7,61.4,12.0,87.4
2000-12-01,28.7,27.1,123.3,,160.3,135.1,,,285.6,57.4,,88.8,154.1,139.3,81.4,93.7,146.7,99.7,45.3,199.9,294.2,305.6,95.4,46.8,35.3,144.3,77.3,56.0,317.0,55.5,28.7,27.1,123.3,192.1,160.3,135.1,54.4,161.2,285.6,57.4,70.3
2001-01-01,19.1,58.3,244.7,,255.4,143.3,,,248.7,84.2,,176.2,305.9,276.5,161.5,186.0,291.2,214.5,30.2,174.1,256.2,266.1,205.2,31.1,23.5,139.0,103.1,94.2,276.1,93.3,19.1,58.3,244.7,121.8,255.4,143.3,91.5,244.1,248.7,84.2,93.7
2001-02-01,87.3,19.6,122.0,,251.9,87.0,,,169.5,57.4,,87.8,152.5,137.9,80.5,92.7,145.2,72.1,137.9,118.7,174.6,181.4,69.0,142.3,107.4,149.3,150.0,137.4,188.1,136.1,87.3,19.6,122.0,110.5,251.9,87.0,133.4,190.1,169.5,57.4,136.4
2001-03-01,88.9,59.8,272.4,,310.6,149.9,,,356.9,138.5,,196.1,340.5,307.8,179.8,207.0,324.2,220.1,140.5,249.8,367.6,381.9,210.5,144.9,109.3,188.6,411.5,342.7,396.2,339.4,88.9,59.8,272.4,301.1,310.6,149.9,332.7,292.7,356.9,138.5,374.1
2001-04-01,64.9,1.1,39.3,,193.5,33.9,,,48.9,10.5,,28.3,49.1,44.4,25.9,29.9,46.8,4.0,102.5,34.2,50.4,52.3,3.9,105.8,79.8,57.4,52.1,83.3,54.3,82.5,64.9,1.1,39.3,144.9,193.5,33.9,80.9,86.4,48.9,10.5,47.4
2001-05-01,1.2,0.0,0.7,,0.0,9.9,,,23.0,0.0,,0.5,0.9,0.8,0.5,0.5,0.8,0.0,1.9,16.1,23.7,24.6,0.0,2.0,1.5,0.0,11.3,28.9,25.5,28.7,1.2,0.0,0.7,9.8,0.0,9.9,28.1,0.0,23.0,0.0,10.3
2001-06-01,0.0,0.0,0.0,,0.0,7.5,,,0.0,0.0,,0.0,0.0,0.0,0.0,0.0,0.0,0.0,0.0,0.0,0.0,0.0,0.0,0.0,0.0,0.0,0.3,18.2,0.0,18.1,0.0,0.0,0.0,0.1,0.0,7.5,17.7,0.0,0.0,0.0,0.3
2001-07-01,0.0,0.0,0.0,,0.0,0.0,,,0.0,0.0,,0.0,0.0,0.0,0.0,0.0,0.0,0.0,0.0,0.0,0.0,0.0,0.0,0.0,0.0,0.0,2.9,0.5,0.0,0.5,0.0,0.0,0.0,0.0,0.0,0.0,0.5,0.1,0.0,0.0,2.6
2001-08-01,0.0,0.0,0.0,,0.0,0.0,,,0.0,0.0,,0.0,0.0,0.0,0.0,0.0,0.0,0.0,0.0,0.0,0.0,0.0,0.0,0.0,0.0,2.0,1.9,9.7,0.0,9.6,0.0,0.0,0.0,0.4,0.0,0.0,9.4,0.0,0.0,0.0,1.7
2001-09-01,46.0,0.0,7.6,,11.1,26.4,,,31.9,9.0,,5.5,9.5,8.6,5.0,5.8,9.0,0.0,72.7,22.3,32.9,34.1,0.0,75.0,56.6,17.5,64.1,50.1,35.4,49.6,46.0,0.0,7.6,3.1,11.1,26.4,48.6,11.1,31.9,9.0,58.3
2001-10-01,30.8,0.0,10.5,,18.9,35.6,,,65.4,4.0,,7.6,13.1,11.9,6.9,8.0,12.5,0.0,48.7,45.8,67.4,70.0,0.0,50.2,37.9,24.5,90.2,63.3,72.6,62.7,30.8,0.0,10.5,32.5,18.9,35.6,61.5,61.2,65.4,4.0,82.0
2001-11-01,58.2,17.6,80.8,,137.4,104.9,,,166.8,109.6,,58.2,101.0,91.3,53.3,61.4,96.2,64.8,92.0,116.8,171.8,178.5,62.0,94.9,71.6,13.5,35.0,73.5,185.1,72.8,58.2,17.6,80.8,14.0,137.4,104.9,71.4,102.6,166.8,109.6,31.8
2001-12-01,74.9,7.9,52.1,,100.5,66.0,,,68.1,17.7,,37.5,65.1,58.9,34.4,39.6,62.0,29.1,118.3,47.7,70.1,72.9,27.8,122.1,92.1,135.9,57.3,87.4,75.6,86.6,74.9,7.9,52.1,5.2,100.5,66.0,84.9,86.9,68.1,17.7,52.1
2002-01-01,60.9,3.5,56.7,,34.5,92.0,,,69.7,31.8,,40.8,70.9,64.1,37.4,43.1,67.5,12.9,96.2,48.8,71.8,74.6,12.3,99.3,74.9,56.3,135.2,107.2,77.4,106.2,60.9,3.5,56.7,43.7,34.5,92.0,104.1,139.2,69.7,31.8,122.9
2002-02-01,68.2,13.7,129.3,,242.99,65.1,,,135.4,39.8,,93.1,161.6,146.1,85.3,98.3,153.9,50.4,107.8,94.8,139.5,144.9,48.2,111.2,83.9,122.0,135.1,158.3,150.3,156.8,68.2,13.7,129.3,62.5,243.0,65.1,153.7,76.6,135.4,39.8,122.8
2002-03-01,90.6,24.2,145.0,,231.1,96.9,,,244.9,40.2,,104.4,181.3,163.9,95.7,110.2,172.6,89.1,143.1,171.4,252.2,262.0,85.2,147.7,111.4,87.6,110.7,125.6,271.8,124.3,90.6,24.2,145.0,80.8,231.1,96.9,121.9,72.7,244.9,40.2,100.6
2002-04-01,40.9,19.7,116.9,,110.3,45.5,,,76.9,33.8,,84.2,146.1,132.1,77.2,88.8,139.1,72.5,64.6,53.8,79.2,82.3,69.3,66.7,50.3,114.1,68.0,80.2,85.4,79.5,40.9,19.7,116.9,42.4,110.3,45.5,77.9,45.4,76.9,33.8,61.8
2002-05-01,0.0,0.0,0.0,,0.0,8.6,,,0.0,0.0,,0.0,0.0,0.0,0.0,0.0,0.0,0.0,0.0,0.0,0.0,0.0,0.0,0.0,0.0,0.0,13.3,11.6,0.0,11.5,0.0,0.0,0.0,2.2,0.0,8.6,11.3,0.2,0.0,0.0,12.1
2002-06-01,0.0,0.0,0.0,,0.0,2.1,,,0.0,0.0,,0.0,0.0,0.0,0.0,0.0,0.0,0.0,0.0,0.0,0.0,0.0,0.0,0.0,0.0,10.5,4.6,13.5,0.0,13.4,0.0,0.0,0.0,0.0,0.0,2.1,13.1,0.0,0.0,0.0,4.2
2002-07-01,0.0,0.0,0.0,,0.0,0.0,,,0.0,0.0,,0.0,0.0,0.0,0.0,0.0,0.0,0.0,0.0,0.0,0.0,0.0,0.0,0.0,0.0,0.0,1.7,0.0,0.0,0.0,0.0,0.0,0.0,0.0,0.0,0.0,0.0,0.0,0.0,0.0,1.5
2002-08-01,0.0,0.0,0.0,,0.0,2.1,,,0.0,0.0,,0.0,0.0,0.0,0.0,0.0,0.0,0.0,0.0,0.0,0.0,0.0,0.0,0.0,0.0,0.0,1.8,9.4,0.0,9.3,0.0,0.0,0.0,0.1,0.0,2.1,9.1,0.0,0.0,0.0,1.6
2002-09-01,0.0,1.2,15.2,,0.0,17.2,,,27.0,0.0,,10.9,19.0,17.2,10.0,11.6,18.1,4.4,0.0,18.9,27.8,28.9,4.2,0.0,0.0,34.6,15.5,31.5,30.0,31.2,0.0,1.2,15.2,4.1,0.0,17.2,30.6,3.2,27.0,0.0,14.1
2002-10-01,7.5,,31.3,,17.0,73.5,,,91.6,26.0,,22.5,39.1,35.4,20.7,23.8,37.2,67.3,11.9,64.1,94.3,98.0,64.4,12.2,9.2,87.4,67.8,91.4,101.7,90.5,7.5,18.3,31.3,51.8,17.0,73.5,88.7,75.6,91.6,26.0,61.6
2002-11-01,13.2,21.1,71.4,,123.5,73.9,,,162.8,35.9,,51.4,89.3,80.7,47.1,54.3,85.0,77.6,20.9,114.0,167.7,174.2,74.3,21.5,16.2,148.2,92.7,72.6,180.7,71.9,13.2,21.1,71.4,45.1,123.5,73.9,70.5,43.5,162.8,35.9,84.3
2002-12-01,80.2,6.3,30.6,,71.2,93.1,,,108.9,50.2,,22.0,38.3,34.6,20.2,23.3,36.4,23.2,126.7,76.2,112.2,116.5,22.2,130.7,98.6,144.2,107.4,115.4,120.9,114.2,80.2,6.3,30.6,192.0,71.2,93.1,112.0,87.5,108.9,50.2,97.6
2003-01-01,27.7,8.2,79.9,,197.5,89.7,,,206.6,64.1,,57.5,99.9,90.3,52.7,60.7,95.1,30.2,43.8,144.6,212.8,221.1,28.9,45.2,34.1,95.8,153.8,97.5,229.3,96.6,27.7,8.2,79.9,189.8,197.5,89.7,94.7,162.9,206.6,64.1,139.8
2003-02-01,46.2,21.8,110.6,,155.9,96.3,,,,49.0,,79.6,138.3,125.0,73.0,84.1,131.6,80.2,73.0,70.4,103.6,107.6,76.7,75.3,56.8,62.3,67.1,111.5,111.7,110.5,46.2,21.8,110.6,57.9,155.9,96.3,108.3,55.5,100.6,49.0,61.0
2003-03-01,59.8,23.1,142.9,,174.1,121.7,,,339.4,85.3,,102.9,178.6,161.5,94.3,108.6,170.1,85.0,94.5,237.6,349.6,363.2,81.3,97.5,73.6,163.7,804.9,404.2,376.7,400.2,59.8,23.1,142.9,299.0,174.1,121.7,392.4,200.1,339.4,85.3,731.7
2003-04-01,27.7,9.9,25.9,,35.1,37.0,,,113.8,26.0,,18.6,32.4,29.3,17.1,19.7,30.8,36.4,43.8,79.7,117.2,121.8,34.8,45.2,34.1,14.7,50.7,95.9,126.3,95.0,27.7,9.9,25.9,48.5,35.1,37.0,93.1,113.4,113.8,26.0,46.1
2003-05-01,0.0,0.2,0.0,,0.0,0.0,,,0.0,0.0,,0.0,0.0,0.0,0.0,0.0,0.0,0.7,0.0,0.0,0.0,0.0,0.7,0.0,0.0,6.4,18.5,17.7,0.0,17.5,0.0,0.2,0.0,0.8,0.0,0.0,17.2,3.9,0.0,0.0,16.8
2003-06-01,0.0,0.0,,,0.0,0.0,,,0.0,0.0,,0.0,0.0,0.0,0.0,0.0,0.0,0.0,0.0,0.0,0.0,0.0,0.0,0.0,0.0,0.0,0.0,5.0,0.0,5.0,0.0,0.0,0.7,0.0,0.0,0.0,4.9,0.1,0.0,0.0,0.0
2003-07-01,3.2,0.0,0.0,,0.0,0.0,,,0.0,0.0,,0.0,0.0,0.0,0.0,0.0,0.0,0.0,5.1,0.0,0.0,0.0,0.0,5.2,3.9,0.0,6.1,7.2,0.0,7.1,3.2,0.0,0.0,0.0,0.0,0.0,7.0,0.0,0.0,0.0,5.5
2003-08-01,0.0,0.0,0.0,,0.0,1.3,,,0.0,0.0,,0.0,0.0,0.0,0.0,0.0,0.0,0.0,0.0,0.0,0.0,0.0,0.0,0.0,0.0,6.0,1.4,2.1,0.0,2.0,0.0,0.0,0.0,0.0,0.0,1.3,2.0,1.6,0.0,0.0,1.3
2003-09-01,10.8,0.0,0.0,,0.0,11.3,,,0.0,0.0,,0.0,0.0,0.0,0.0,0.0,0.0,0.0,17.1,0.0,0.0,0.0,0.0,17.6,13.3,0.8,26.7,48.1,0.0,47.6,10.8,0.0,0.0,5.6,0.0,11.3,46.7,5.0,0.0,0.0,24.3
2003-10-01,14.8,1.5,6.2,,16.5,15.8,,,36.5,0.0,,4.5,7.8,7.0,4.1,4.7,7.4,5.5,23.4,25.6,37.6,39.1,5.3,24.1,18.2,43.4,38.1,37.0,40.5,36.6,14.8,1.5,6.2,18.8,16.5,15.8,35.9,42.1,36.5,0.0,34.6
2003-11-01,47.4,7.8,5.9,,16.0,8.7,,,30.7,21.0,,4.2,7.4,6.7,3.9,4.5,7.0,28.7,74.9,21.5,31.6,32.8,27.5,77.3,58.3,36.9,53.6,49.4,34.1,49.0,47.4,7.8,5.9,70.4,16.0,8.7,48.0,61.4,30.7,21.0,48.7
2003-12-01,62.8,22.6,122.1,,,87.7,,,160.2,61.7,,87.9,152.6,138.0,80.6,92.8,145.3,83.2,99.2,112.1,165.0,171.4,79.6,102.4,77.2,124.5,71.1,114.8,177.8,113.7,62.8,22.6,122.1,87.7,179.5,87.7,111.5,89.7,160.2,61.7,64.6
2004-01-01,45.6,,23.1,,103.3,36.3,,,34.9,7.3,,16.6,28.9,26.1,15.2,17.6,27.5,87.6,72.0,24.4,35.9,37.3,83.8,74.3,56.1,109.9,137.5,126.7,38.7,125.5,45.6,23.8,23.1,143.6,103.3,36.3,123.0,4.9,34.9,7.3,125.0
2004-02-01,25.0,32.6,155.9,,182.0,78.7,,,154.7,76.9,,112.2,194.9,176.2,102.9,118.5,185.5,120.0,39.5,108.3,159.3,165.5,114.8,40.8,30.8,192.7,160.2,207.2,171.7,205.2,25.0,32.6,155.9,86.2,182.0,78.7,201.2,111.4,154.7,76.9,145.6
2004-03-01,84.8,,106.5,,146.7,56.5,,,105.7,76.6,,76.7,133.1,120.3,70.3,80.9,126.7,252.4,134.0,74.0,108.9,113.1,241.5,138.2,104.3,222.9,106.2,120.9,117.3,119.7,84.8,68.6,106.5,167.8,146.7,56.5,117.4,68.0,105.7,76.6,96.5
2004-04-01,2.4,,63.1,,22.1,,,,42.0,22.4,,45.4,78.9,71.3,41.6,48.0,75.1,17.7,3.8,29.4,43.3,44.9,16.9,3.9,3.0,59.8,46.2,89.4,46.6,88.5,2.4,4.8,63.1,64.8,22.1,5.8,86.8,8.8,42.0,22.4,42.0
2004-05-01,0.0,0.5,0.0,,0.0,0.0,,,19.7,0.0,,0.0,0.0,0.0,0.0,0.0,0.0,1.8,0.0,13.8,20.3,21.1,1.8,0.0,0.0,0.5,17.6,40.8,21.9,40.4,0.0,0.5,0.0,1.6,0.0,0.0,39.6,0.0,19.7,0.0,16.0
2004-06-01,0.0,0.0,0.0,,0.0,6.8,,,7.0,0.0,,0.0,0.0,0.0,0.0,0.0,0.0,0.0,0.0,4.9,7.2,7.5,0.0,0.0,0.0,17.8,29.7,2.9,7.8,2.9,0.0,0.0,0.0,0.3,0.0,6.8,2.8,0.0,7.0,0.0,27.0
2004-07-01,0.0,0.0,0.0,,0.0,0.0,,,0.0,0.0,,0.0,0.0,0.0,0.0,0.0,0.0,0.0,0.0,0.0,0.0,0.0,0.0,0.0,0.0,0.0,3.3,0.0,0.0,0.0,0.0,0.0,0.0,0.6,0.0,0.0,0.0,0.0,0.0,0.0,3.0
2004-08-01,0.0,0.0,,,0.0,0.0,,,0.0,0.0,,0.0,0.0,0.0,0.0,0.0,0.0,0.0,0.0,0.0,0.0,0.0,0.0,0.0,0.0,9.3,2.6,58.0,0.0,57.4,0.0,0.0,1.0,8.3,0.0,0.0,56.3,11.9,0.0,0.0,2.4
2004-09-01,0.0,0.6,4.7,,0.0,22.3,,,24.3,26.0,,3.4,5.9,5.3,3.1,3.6,5.6,2.2,0.0,17.0,25.0,26.0,2.1,0.0,0.0,9.3,16.2,67.9,27.0,67.2,0.0,0.6,4.7,94.0,0.0,22.3,65.9,4.1,24.3,26.0,14.7
2004-10-01,3.1,13.2,19.5,,30.7,56.4,,,57.9,41.4,,14.0,24.4,22.0,12.9,14.8,23.2,48.6,4.9,40.5,59.6,62.0,46.5,5.1,3.8,54.3,50.5,47.3,64.3,46.8,3.1,13.2,19.5,47.7,30.7,56.4,45.9,19.9,57.9,41.4,45.9
2004-11-01,4.1,17.4,52.7,,40.2,95.6,,,123.1,94.0,,37.9,65.9,59.6,34.8,40.1,62.7,64.0,6.5,86.2,126.8,131.7,61.2,6.7,5.0,125.2,116.9,140.0,136.6,138.6,4.1,17.4,52.7,166.0,40.2,95.6,135.9,60.9,123.1,94.0,106.3
2004-12-01,63.5,19.5,86.9,,147.7,93.0,,,202.4,93.3,,62.6,108.6,98.2,57.4,66.0,103.4,71.8,100.3,141.7,208.5,216.6,68.6,103.5,78.1,143.1,72.2,29.4,224.7,29.1,63.5,19.5,86.9,347.0,147.7,93.0,28.5,150.4,202.4,93.3,65.6
2005-01-01,80.8,11.2,63.5,,125.3,,,,92.5,64.2,,45.7,79.4,71.8,41.9,48.3,75.6,41.2,127.7,64.8,95.3,99.0,39.4,131.7,99.4,143.2,161.7,102.5,102.7,101.5,80.8,11.2,63.5,207.8,125.3,89.8,99.5,115.8,92.5,64.2,147.0
2005-02-01,20.0,4.5,68.6,,102.3,40.2,,,66.3,61.9,,49.4,85.8,77.5,45.3,52.1,81.6,16.6,31.6,46.4,68.3,70.9,15.8,32.6,24.6,120.0,93.0,82.2,73.6,81.4,20.0,4.5,68.6,102.3,102.3,40.2,79.8,124.1,66.3,61.9,84.5
2005-03-01,134.1,15.4,131.1,,173.8,105.6,,,171.1,110.3,,94.4,163.9,148.1,86.5,99.6,156.0,56.7,211.9,119.8,176.2,183.1,54.2,218.6,164.9,230.2,124.5,130.4,189.9,129.1,134.1,15.4,131.1,162.0,173.8,105.6,126.6,151.7,171.1,110.3,113.2
2005-04-01,94.8,1.7,33.6,,52.9,9.5,,,48.2,16.2,,24.2,42.0,38.0,22.2,25.5,40.0,6.3,149.8,33.7,49.6,51.6,6.0,154.5,116.6,85.6,68.9,46.6,53.5,46.1,94.8,1.7,33.6,49.4,52.9,9.5,45.2,16.4,48.2,16.2,62.6
2005-05-01,0.0,0.0,0.0,,0.0,4.1,,,0.0,0.0,,0.0,0.0,0.0,0.0,0.0,0.0,0.0,0.0,0.0,0.0,0.0,0.0,0.0,0.0,56.7,15.2,10.4,0.0,10.3,0.0,0.0,0.0,0.2,0.0,4.1,10.1,27.8,0.0,0.0,13.8
2005-06-01,1.4,0.0,0.0,,0.0,0.0,,,0.0,0.0,,0.0,0.0,0.0,0.0,0.0,0.0,0.0,2.2,0.0,0.0,0.0,0.0,2.3,1.7,0.0,0.0,3.8,0.0,3.8,1.4,0.0,0.0,0.0,0.0,0.0,3.7,0.1,0.0,0.0,0.0
2005-07-01,0.0,0.0,0.0,,0.0,0.0,,,0.0,0.0,,0.0,0.0,0.0,0.0,0.0,0.0,0.0,0.0,0.0,0.0,0.0,0.0,0.0,0.0,0.0,2.2,4.8,0.0,4.8,0.0,0.0,0.0,0.0,0.0,0.0,4.7,0.0,0.0,0.0,2.0
2005-08-01,3.7,0.0,0.0,,0.0,3.9,,,5.7,0.0,,0.0,0.0,0.0,0.0,0.0,0.0,0.0,5.8,4.0,5.9,6.1,0.0,6.0,4.6,0.0,2.4,11.4,6.3,11.3,3.7,0.0,0.0,0.0,0.0,3.9,11.1,0.0,5.7,0.0,2.2
2005-09-01,1.1,0.0,0.0,,0.0,0.5,,,0.0,,,0.0,0.0,0.0,0.0,0.0,0.0,0.0,1.7,0.0,0.0,0.0,0.0,1.8,1.4,10.4,15.4,22.2,0.0,22.0,1.1,0.0,0.0,0.2,0.0,0.5,21.6,0.5,0.0,0.4,14.0
2005-10-01,5.9,0.0,0.0,,0.0,28.0,,,16.3,6.7,,0.0,0.0,0.0,0.0,0.0,0.0,0.0,9.3,11.4,16.8,17.4,0.0,9.6,7.3,80.9,84.9,26.4,18.1,26.1,5.9,0.0,0.0,5.9,0.0,28.0,25.6,26.1,16.3,6.7,77.2
2005-11-01,24.8,0.0,4.3,,0.0,23.8,,,8.5,13.1,,3.1,5.4,4.9,2.8,3.3,5.1,0.0,39.2,6.0,8.8,9.1,0.0,40.4,30.5,69.6,75.0,44.8,9.4,44.4,24.8,0.0,4.3,52.2,0.0,23.8,43.5,43.7,8.5,13.1,68.2
2005-12-01,91.4,23.2,122.6,,120.3,80.3,,,128.6,78.4,,88.3,153.3,138.5,80.9,93.2,145.9,85.4,144.4,90.0,132.5,137.6,81.7,149.0,112.4,61.2,31.6,58.8,142.7,58.2,91.4,23.2,122.6,26.8,120.3,80.3,57.1,43.4,128.6,78.4,28.7
2006-01-01,109.0,16.4,133.3,,168.0,70.9,,,117.8,109.0,,96.0,166.6,150.6,88.0,101.3,158.6,60.4,172.2,82.5,121.3,126.0,57.7,177.7,134.1,168.6,155.2,70.5,130.8,69.8,109.0,16.4,133.3,22.5,168.0,70.9,68.4,95.3,117.8,109.0,141.1
2006-02-01,83.8,41.4,187.1,,211.4,124.3,,,197.9,113.8,,134.7,233.9,211.4,123.5,142.2,222.6,152.4,132.4,138.5,203.8,211.8,145.7,136.6,103.1,210.8,177.8,132.6,219.7,131.3,83.8,41.4,187.1,107.6,211.4,124.3,128.7,230.8,197.9,113.8,161.6
2006-03-01,149.3,36.7,255.8,,206.0,143.8,,,223.4,182.9,,184.2,319.8,289.1,168.8,194.4,304.4,135.1,235.9,156.4,230.1,239.0,129.2,243.4,183.6,156.1,113.0,128.8,248.0,127.5,149.3,36.7,255.8,227.8,206.0,143.8,125.0,262.0,223.4,182.9,102.7
2006-04-01,73.8,28.4,97.9,,151.9,,,,175.5,103.9,,70.5,122.4,110.6,64.6,74.4,116.5,104.5,116.6,122.9,180.8,187.8,100.0,120.3,90.8,77.3,68.1,66.1,194.8,65.5,73.8,28.4,97.9,145.3,151.9,89.3,64.2,190.6,175.5,103.9,61.9
2006-05-01,0.0,0.0,0.0,,0.0,0.3,,,0.0,0.0,,0.0,0.0,0.0,0.0,0.0,0.0,0.0,0.0,0.0,0.0,0.0,0.0,0.0,0.0,0.0,7.6,17.6,0.0,17.4,0.0,0.0,0.0,11.5,0.0,0.3,17.1,0.1,0.0,0.0,6.9
2006-06-01,0.0,1.2,0.0,,0.0,11.5,,,0.0,3.3,,0.0,0.0,0.0,0.0,0.0,0.0,4.4,0.0,0.0,0.0,0.0,4.2,0.0,0.0,8.1,2.3,19.9,0.0,19.7,0.0,1.2,0.0,0.0,0.0,11.5,19.3,0.0,0.0,3.3,2.1
2006-07-01,0.0,0.0,0.0,,0.0,0.0,,,0.0,0.0,,0.0,0.0,0.0,0.0,0.0,0.0,0.0,0.0,0.0,0.0,0.0,0.0,0.0,0.0,0.0,6.7,12.6,0.0,12.4,0.0,0.0,0.0,0.0,0.0,0.0,12.2,0.0,0.0,0.0,6.1
2006-08-01,0.0,0.0,0.0,,0.0,6.0,,,0.0,0.0,,0.0,0.0,0.0,0.0,0.0,0.0,0.0,0.0,0.0,0.0,0.0,0.0,0.0,0.0,0.0,1.8,0.2,0.0,0.2,0.0,0.0,0.0,0.0,0.0,6.0,0.2,0.1,0.0,0.0,1.6
2006-09-01,0.0,0.0,0.8,,0.0,6.0,,,0.0,3.8,,0.6,1.0,0.9,0.5,0.6,1.0,0.0,0.0,0.0,0.0,0.0,0.0,0.0,0.0,4.3,16.5,46.7,0.0,46.2,0.0,0.0,0.8,3.3,0.0,6.0,45.3,2.5,0.0,3.8,15.0
2006-10-01,30.3,0.0,1.7,,0.0,35.0,,,17.3,8.1,,1.2,2.1,1.9,1.1,1.3,2.0,0.0,47.9,12.1,17.8,18.5,0.0,49.4,37.3,92.4,32.5,23.2,19.2,23.0,30.3,0.0,1.7,6.2,0.0,35.0,22.5,19.0,17.3,8.1,29.5
2006-11-01,0.0,5.1,21.2,,59.6,80.8,,,31.2,45.9,,15.3,26.5,24.0,14.0,16.1,25.2,18.8,0.0,21.8,32.1,33.4,18.0,0.0,0.0,27.0,41.3,52.1,34.6,51.6,0.0,5.1,21.2,6.3,59.6,80.8,50.6,31.5,31.2,45.9,37.5
2006-12-01,27.0,18.8,99.9,,256.4,92.3,,,139.7,93.7,,71.9,124.9,112.9,65.9,75.9,118.9,69.2,42.7,97.8,143.9,149.5,66.2,44.0,33.2,129.3,59.0,116.5,155.1,115.4,27.0,18.8,99.9,139.0,256.4,92.3,113.1,75.1,139.7,93.7,53.6
2007-01-01,100.0,27.7,120.3,,167.4,92.4,,,177.0,100.8,,86.6,150.4,135.9,79.4,91.4,143.2,101.9,158.0,123.9,182.3,189.4,97.5,163.0,123.0,148.0,182.4,107.5,196.5,106.5,100.0,27.7,120.3,124.7,167.4,92.4,104.4,179.4,177.0,100.8,165.8
2007-02-01,159.6,25.9,116.4,,181.1,77.4,,,132.5,97.3,,83.8,145.5,131.5,76.8,88.5,138.5,95.3,252.2,92.8,136.5,141.8,91.2,260.1,196.3,192.5,133.4,129.3,147.1,128.0,159.6,25.9,116.4,160.5,181.1,77.4,125.5,148.4,132.5,97.3,121.3
2007-03-01,107.9,52.9,254.2,,209.8,148.5,,,243.0,152.6,,183.0,317.8,287.2,167.8,193.2,302.5,194.7,170.5,170.1,250.3,260.0,186.2,175.9,132.7,186.6,171.4,215.4,269.7,213.3,107.9,52.9,254.2,282.9,209.8,148.5,209.1,115.9,243.0,152.6,155.8
2007-04-01,35.2,25.5,114.6,,84.4,55.2,,,84.0,74.3,,82.5,143.3,129.5,75.6,87.1,136.4,93.8,55.6,58.8,86.5,89.9,89.8,57.4,43.3,55.6,60.5,68.0,93.2,67.3,35.2,25.5,114.6,147.7,84.4,55.2,66.0,104.7,84.0,74.3,55.0
2007-05-01,0.0,0.0,6.8,,0.0,36.6,,,30.4,24.5,,4.9,8.5,7.7,4.5,5.2,8.1,0.0,0.0,21.3,31.3,32.5,0.0,0.0,0.0,19.2,13.2,97.4,33.7,96.5,0.0,0.0,6.8,0.8,0.0,36.6,94.6,0.8,30.4,24.5,12.0
2007-06-01,0.0,0.0,0.0,,0.0,0.0,,,0.0,0.0,,0.0,0.0,0.0,0.0,0.0,0.0,0.0,0.0,0.0,0.0,0.0,0.0,0.0,0.0,0.0,0.0,0.0,0.0,0.0,0.0,0.0,0.0,0.4,0.0,0.0,0.0,0.0,0.0,0.0,0.0
2007-07-01,0.0,0.0,0.0,,0.0,0.0,,,0.0,0.0,,0.0,0.0,0.0,0.0,0.0,0.0,0.0,0.0,0.0,0.0,0.0,0.0,0.0,0.0,0.0,3.7,0.8,0.0,0.8,0.0,0.0,0.0,0.1,0.0,0.0,0.8,0.0,0.0,0.0,3.4
2007-08-01,0.0,0.0,0.0,,0.0,0.0,,,0.0,0.0,,0.0,0.0,0.0,0.0,0.0,0.0,0.0,0.0,0.0,0.0,0.0,0.0,0.0,0.0,10.7,2.6,10.9,0.0,10.8,0.0,0.0,0.0,0.8,0.0,0.0,10.6,10.3,0.0,0.0,2.4
2007-09-01,0.0,0.0,0.0,,0.0,6.7,,,0.0,0.0,,0.0,0.0,0.0,0.0,0.0,0.0,0.0,0.0,0.0,0.0,0.0,0.0,0.0,0.0,13.3,22.9,48.7,0.0,48.2,0.0,0.0,0.0,0.4,0.0,6.7,47.3,0.1,0.0,0.0,20.8
2007-10-01,26.8,0.0,17.4,,48.4,52.2,,,46.9,37.2,,12.5,21.8,19.7,11.5,13.2,20.7,0.0,42.3,32.8,48.3,50.2,0.0,43.7,33.0,20.2,132.9,160.2,52.1,158.6,26.8,0.0,17.4,46.9,48.4,52.2,155.5,53.3,46.9,37.2,120.8
2007-11-01,27.4,0.0,6.6,,30.2,44.9,,,12.8,9.3,,4.8,8.3,7.5,4.4,5.0,7.9,0.0,43.3,9.0,13.2,13.7,0.0,44.7,33.7,84.0,63.0,59.7,14.2,59.2,27.4,0.0,6.6,18.6,30.2,44.9,58.0,44.0,12.8,9.3,57.3
2007-12-01,47.1,4.5,35.1,,143.9,39.5,,,81.5,50.6,,25.3,43.9,39.7,23.2,26.7,41.8,16.6,74.4,57.1,83.9,87.2,15.8,76.8,57.9,55.8,41.8,93.3,90.5,92.4,47.1,4.5,35.1,90.5,143.9,39.5,90.6,14.8,81.5,50.6,38.0
2008-01-01,,24.5,116.5,,224.5,108.8,,,175.1,164.7,,83.9,145.6,131.6,76.9,88.5,138.6,90.2,202.9,122.6,180.4,187.4,86.2,209.3,157.9,112.8,129.4,145.2,194.4,143.8,128.4,24.5,116.5,139.9,224.5,108.8,141.0,244.1,175.1,164.7,117.6
2008-02-01,,35.0,172.4,,332.8,136.0,,,192.0,130.4,,124.1,215.5,194.8,113.8,131.0,205.2,128.8,255.3,134.4,197.8,205.4,123.2,263.4,198.8,210.0,194.5,189.8,213.1,188.0,161.6,35.0,172.4,260.5,332.8,136.0,184.3,171.0,192.0,130.4,176.8
2008-03-01,,33.9,230.0,,218.2,100.7,,,167.9,107.8,,165.6,287.5,259.9,151.8,174.8,273.7,124.8,245.8,117.5,172.9,179.7,119.3,253.6,191.4,134.1,88.6,127.3,186.4,126.1,155.6,33.9,230.0,177.5,218.2,100.7,123.6,221.0,167.9,107.8,80.5
2008-04-01,,7.1,55.0,,58.2,49.9,,,69.7,36.2,,39.6,68.8,62.2,36.3,41.8,65.5,26.1,2.1,48.8,71.8,74.6,25.0,2.1,1.6,34.7,37.1,69.2,77.4,68.5,1.3,7.1,55.0,44.8,58.2,49.9,67.2,130.6,69.7,36.2,33.7
2008-05-01,,0.0,0.0,,0.0,0.0,,,0.0,0.0,,0.0,0.0,0.0,0.0,0.0,0.0,0.0,0.0,0.0,0.0,0.0,0.0,0.0,0.0,32.7,14.0,3.3,0.0,3.3,0.0,0.0,0.0,7.9,0.0,0.0,3.2,0.0,0.0,0.0,12.7
2008-06-01,,0.0,0.3,,0.0,5.2,,,2.0,0.0,,0.2,0.4,0.3,0.2,0.2,0.4,0.0,0.0,1.4,2.1,2.1,0.0,0.0,0.0,0.2,9.6,6.1,2.2,6.0,0.0,0.0,0.3,0.2,0.0,5.2,5.9,0.0,2.0,0.0,8.7
2008-07-01,,0.0,0.0,,,0.0,,,0.0,0.0,,0.0,0.0,0.0,0.0,0.0,0.0,0.0,0.0,0.0,0.0,0.0,0.0,0.0,0.0,0.0,5.1,1.1,0.0,1.1,0.0,0.0,0.0,0.0,0.0,0.0,1.1,0.0,0.0,0.0,4.6
2008-08-01,,0.0,0.0,,,0.0,,,0.0,2.0,,0.0,0.0,0.0,0.0,0.0,0.0,0.0,0.0,0.0,0.0,0.0,0.0,0.0,0.0,3.6,1.3,59.3,0.0,58.8,0.0,0.0,0.0,0.7,0.0,0.0,57.6,0.2,0.0,2.0,1.2
2008-09-01,,0.0,0.0,,0.0,2.8,,,30.5,0.0,,0.0,0.0,0.0,0.0,0.0,0.0,0.0,7.7,21.4,31.4,32.6,0.0,8.0,6.0,9.0,14.6,35.4,33.9,35.1,4.9,0.0,0.0,1.3,0.0,2.8,34.4,8.7,30.5,0.0,13.3
2008-10-01,,0.0,12.8,,8.0,59.6,,,144.1,81.8,,9.2,16.0,14.5,8.4,9.7,15.2,0.0,62.9,100.9,148.4,154.2,0.0,64.9,49.0,109.0,159.4,93.6,160.0,92.7,39.8,0.0,12.8,96.5,8.0,59.6,90.9,121.7,144.1,81.8,144.9
2008-11-01,,1.5,34.9,,43.7,17.4,,,47.8,40.6,,25.1,43.6,39.4,23.0,26.5,41.5,5.5,1.3,33.5,49.2,51.1,5.3,1.3,1.0,118.1,87.7,78.0,53.1,77.2,0.8,1.5,34.9,47.1,43.7,17.4,75.7,129.0,47.8,40.6,79.7
2008-12-01,,1.8,41.7,,33.1,83.4,,,90.5,77.0,,30.0,52.1,47.1,27.5,31.7,49.6,6.6,113.8,63.4,93.2,96.8,6.3,117.4,88.6,21.1,102.4,132.7,100.5,131.4,72.0,1.8,41.7,5.9,33.1,83.4,128.8,146.1,90.5,77.0,93.1
